FID	IID	ENSG00000002822	ENSG00000008256	ENSG00000003147	ENSG00000005108	ENSG00000006747	ENSG00000006468	ENSG00000004846	ENSG00000005020	ENSG00000005073	ENSG00000006625	ENSG00000006715	ENSG00000006451	ENSG00000002746	ENSG00000006704	ENSG00000006606	ENSG00000005486	ENSG00000006576	ENSG00000005471	ENSG00000005469	ENSG00000006634	ENSG00000008277	ENSG00000001630	ENSG00000001631	ENSG00000001629	ENSG00000004766	ENSG00000004948	ENSG00000005421	ENSG00000005981	ENSG00000004799	ENSG00000004864	ENSG00000006377	ENSG00000006128	ENSG00000006453	ENSG00000005075	ENSG00000005483	ENSG00000008282	ENSG00000006652	ENSG00000004866	ENSG00000001626	ENSG00000002745	ENSG00000008311	ENSG00000004059	ENSG00000006459	ENSG00000002933	ENSG00000002726
SYN_CASE_1	SYN_CASE_1	-0.0024758334185454416	-0.0008375025024835619	0.005677866457557799	0.0009314316857305934	0.004722399201114348	-0.003668724640966764	0.00019428026681910326	0.0059294396894725345	-0.00014943065241195317	-0.010280332045072987	-0.0021924957918289497	0.00086165667484786	0.0009480844984387656	-0.001487292046395562	0.00030336528681957405	0.0037046989939101913	-8.038124226930156e-05	-0.0005752225804072943	0.002284069947714555	0.000782183257617924	-8.509262609069081e-05	0.0019801215878972513	0.0003143302051632147	0.00046597982867057285	0.000320610532179812	-0.0007273057152880324	-0.012287470799603913	4.260223667483007e-05	-0.0023648909587316008	-0.012094958256531542	-0.0007282384947942298	-0.0005137954664159255	-0.0016082920481031925	-0.00035256574175368576	-0.00012558360469647984	-0.00010582295949071441	0.006991917538012819	-0.000649156874898579	0.0005184505693269547	-0.00010467732960980944	-1.2554509620512391e-05	0.00010828003754128573	0.0001359209670930225	-0.02240018011686247	-0.0013136289034442524
SYN_CASE_2	SYN_CASE_2	-0.0022970615624101436	0.0017901092933514278	0.005736040953165839	0.0009095244412010005	0.003567950668231255	-0.004844522268166426	1.0731982163730743e-05	0.011864464301447377	0.0019341605511395317	-0.016959831217785517	-0.0031371901715591915	0.001313348766374031	0.003874712460369606	-0.001227819891815574	-0.0009352723785068626	0.004897163409909662	0.0003757899282328894	0.001259813766476089	0.0016976944733971648	-0.0005233661299247835	-0.0005939549785301951	0.0007350087230053256	-0.00013662576476395705	0.00021491211294179485	-0.0032788426449898898	-0.0009148327894735824	-0.014063711887434983	0.0002674901066524375	-0.00033334408928892474	-0.012530248766229678	-0.0007576522795714814	-0.0002681037576908067	-0.0015177370366668552	0.0013769407464866738	0.00010889856656265585	0.0003325140227286332	0.006375207729750539	9.965711464956055e-05	0.00031048580468715214	-0.0001756194169192331	-0.0007879678404104291	-0.0004399476713897958	0.0007853477234515193	-0.050074745393430015	-0.00229002501918208
SYN_CASE_3	SYN_CASE_3	-0.0026674100289389136	-0.0014844051982063741	0.0036670645655315047	-0.0003094524116398981	0.0045648741636018265	-0.001336425544449549	0.0003569589810226079	0.007873868362372074	0.0028384507741280067	-0.014909570183840525	-0.0022424298720198467	0.0025965262010304454	0.0014877067476998772	-0.003973113873908985	-0.0003510091590992373	0.001704882997802107	-0.000553910592109632	-0.0012204486553995838	0.0014456526857627	-0.0004485102987858081	0.0004120803478791494	0.002033740772036501	0.0005415755328093208	0.002583904913093419	0.0016908883201903523	-0.0008238761455905084	-0.005316462716028407	0.0005420788227508595	-0.002091706618925413	-0.008830723868657396	-0.0005534247643484351	-0.0005471062370312037	-0.0013433373647532922	-0.0017822785630723797	2.0229919214233417e-06	0.0005595174253206664	0.0004989621739797725	0.00030213260678563767	0.0006173263653866675	-0.00014387580464271955	-0.017064212634265562	0.00016359084576758015	0.0004791918294214459	-0.031869079103431286	-0.002017072623930513
SYN_CASE_4	SYN_CASE_4	-0.0035249920206752053	0.0008177258162855263	0.00668946764537073	-6.888289432829573e-05	0.005406448142515567	-0.0015491114946526864	0.00036937938660366556	0.010196213353677057	0.0011966538028906574	-0.009248904382795286	-0.0027084152583517758	0.0010529831460422369	0.0018065411372217126	-0.0022897648206242458	0.0018068775815395018	0.0020213271140104073	0.00021211613475167514	-0.002905432593666266	0.0015709058987350367	-0.0007058546065609964	-0.0005395868433162673	0.0018412192988236714	0.0012557805945256628	0.0017606891214902473	-0.0040144346627102945	-0.00074523599994292	-0.010418803741478752	0.0004023235607072436	0.0020640316059005546	-0.004453739049367548	-0.000266939364896296	-0.000411257762850856	-0.0017014762816397139	-0.005293822176861053	-0.0002759505302000451	-0.0017635303388690994	0.00016620540437769295	-0.0005337276131288482	0.0005561818585685697	-0.0004275438114486278	-0.017783885528213413	6.974974839661654e-05	0.0005869139463674097	-0.028132807496456143	-0.000811011906002853
SYN_CASE_5	SYN_CASE_5	-0.002839970578591435	-0.00010593897842043694	0.0041399294021135895	0.0013069115950912924	0.004007804991414347	0.0011258660913421614	0.0001495017261489224	0.01331485931304196	0.0009238482180114094	-0.009256156680089604	-0.002517164673693459	-0.00023520659242818231	0.001958568176700112	-0.002518276481988519	-0.001227982590394556	0.0019592256339624465	-0.00024586551765964367	-0.003683339306995963	0.002408397310212511	-0.0005305255408124726	-0.0011318428410472927	0.0013937209161389466	-0.00012114305715167161	0.0026421801486976406	-0.0025609200402589446	-0.0003548751973199726	-0.012449743243297487	0.00012240083994363412	-0.0015879812092782072	-0.005080897525501063	-0.0004998190947269657	-0.00038117587430115056	-0.0024983662975427475	-0.004789317200142476	-7.88263744897047e-05	-0.00017912350557455748	0.003925855156268641	-0.0008108148255436735	0.0005183245479998609	-0.0001659631880169762	-1.3877608030405951e-05	9.619650043506001e-05	0.0005661434290909527	-0.019918331945269634	-0.0008131199354924093
SYN_CASE_6	SYN_CASE_6	-0.0015375107507331841	-0.0007281403272574004	0.004092187894615249	-0.0006991832743354693	0.004619444688769565	0.0010629471456743743	0.0002463519544261062	0.014393659639230637	0.0016713013485590501	-0.01271156443896946	-0.002593407382422612	0.0012133703938677783	0.0014245560524328068	-0.0032286065366873462	-0.0038361618713854957	0.0015473423088148601	0.0003306423601203455	-0.001816783586950234	0.0018342079073743493	-0.00043149969070270956	-0.0001757905295945152	0.0015203135266424323	0.00012100800477937905	0.002158151588364384	0.004171753523975301	-0.0009500678822436348	-0.013724415809240862	0.0001535491272947943	-0.00026690444497463027	-0.010785820795691958	-0.0006216279783843159	-0.000714334879235262	-0.0007960107104979898	0.0014371420567453508	-0.0003449133186452519	0.0010495773564920612	0.003990381546184558	-0.0006099280266823712	0.0005513097707693888	-0.00041643691152255764	0.00012032734180221772	-4.6102518058662165e-05	0.0004113920395981052	-0.03934457767037562	-0.0023471331839742715
SYN_CASE_7	SYN_CASE_7	-0.0025082815085556193	-0.0003736311563402609	0.005241950418354597	-0.0006925107049960854	0.004696899665059038	-0.00098138975508006	9.680467434623966e-05	0.01360840041173735	-6.667932925923823e-05	-0.012909023273987541	-0.003765127753937209	0.0012968183561500076	0.0021782033186730325	-0.0012008442228124405	-0.00028056464514486653	0.002385121463294271	0.00015312632603962676	0.002750685869326709	0.0019121989838763104	-0.0007289006631203802	-0.0003720248726422454	0.0011103627674546642	-1.5689170521382488e-05	0.0018253716100931317	0.0035188454268605673	-0.0008870639924132418	-0.011810892103796827	0.0003277891252617511	-0.002055724597807449	-0.009265157823616945	-0.00045475954097085535	-0.0005619992293955015	-0.001972374451540914	-0.00010343098933864069	0.00024870493085508527	0.0016917851283170134	0.004962100713714889	0.0008618088023654312	0.0006286158659404984	-0.00015781752458458135	0.0038228056775603237	-0.00015535030240418693	0.000260193254820452	-0.019876100868579948	-0.002767793563692735
SYN_CASE_8	SYN_CASE_8	-0.002193530036293519	0.0015544859669063306	0.0030191481514117197	0.00040124826668345336	0.0061005832404146575	-0.0027612168943310623	0.00032102907583809624	0.010683873819519794	-0.0006336505860087243	-0.013934679892422827	-0.00299153894844809	0.002725039767782139	0.002938450499530178	-0.003539919345856682	-0.0004058419753824702	0.0012208485656660735	0.00022694107651098278	0.0014764574944893232	0.0016023062364969461	-0.0029455555780381138	-0.000881649370162744	0.0015582195555503373	0.00039050711042472796	0.0018695737068242816	0.0005664445308135314	-0.0007270822706774807	-0.009193858061598881	0.0002273389054333437	0.0021957178599498403	-0.008177858530785509	-0.00030443197549352724	-0.0005466739970611666	-0.001383400974661825	-0.003562943458223167	0.00010451946680288952	0.0006365838139491033	0.008596967047265305	-0.0011932577575694257	0.0005439605837818298	-0.00018326334698729545	-0.01745906882298495	0.0005596166670540151	0.0002830756594018126	-0.009146961837403274	-0.00035305758298579456
SYN_CASE_9	SYN_CASE_9	-0.0043660164922317566	-0.0025968490396910395	0.0020295337335061764	-0.0005877342753803264	0.005192033390807525	-0.0016442074639391752	0.00027986159168902586	0.010530250794764818	0.0007629201319476295	-0.012333223448487408	-0.0023988016993712544	0.0004656348911750753	0.0011280882650127793	-0.003547718784666423	-0.0017608832914256512	0.002454802509817569	0.0005418979199865258	-3.6682901000520787e-05	0.0016226552587828577	0.001217324141065936	-0.0004457200343868453	0.0016144918522293004	0.0008235101877722188	0.0015316599600068966	0.0025498447937437486	-0.001216392603616572	-0.010720132270261392	0.0002150104300278817	-0.008894429992352825	-0.005384895338726213	-0.0008140733681262158	-0.000690503902152356	-0.0020761209506074915	-0.004108321433648924	-0.0004494121916509747	0.0008269444472990446	-0.005703119501437547	-0.0010780021136615227	0.0008365231548612018	6.12282428222302e-05	0.0010162623980944075	0.0004165974647142459	0.0003420042805449629	-0.034233667952288965	-0.0005535549264844209
SYN_CASE_10	SYN_CASE_10	-0.004380808229724633	0.0024709185543210638	0.002508582618831244	0.0008803720039168848	0.005192729379923232	-0.004315636780026035	0.0001428184533767688	0.009256756493678287	0.0017638597603511082	-0.01292211964811472	-0.0028867898585364666	0.0024202731414414997	0.003325986782096627	-0.0006885625721803901	-0.0015655291752955304	0.0014260269103216847	-0.0004791003268390659	-0.0007564954206524466	0.0022079809828033925	1.0203450096969458e-05	0.00020138855204555208	8.787659799303939e-05	-0.0002082639282639414	0.0005622560904416701	0.0022028023386944763	-0.0005964656784981856	-0.011510544056600592	0.00033790124057117365	-0.0003075360793339181	-0.013958150411238416	-0.0005965542748271985	-0.0005756108055411108	-0.0015362351467889683	-0.0018355133394134953	8.137499749331204e-05	-0.0013861043732017663	0.0019847736351638057	-0.0014804452047675	0.00038615161162555207	-0.0001969307548107804	-0.015107174988736725	2.4592204656328286e-05	5.3508464461570865e-05	-0.04501834302937728	-0.0004706863837658201
SYN_CASE_11	SYN_CASE_11	-0.003240806390080752	0.0006798809715794334	0.004684288019161883	0.0005727016416958075	0.003342512499434784	-0.004547857638323453	0.0003017551691727302	0.018356989538707326	0.0010195995255039038	-0.01015656255951688	-0.0022890449384527045	0.0012822494880673615	0.0023632280977213594	-0.001102543899338211	-0.001661407874344228	0.0009551235950810954	-0.00065027889110401	-0.003186026838848597	0.0018910570148309154	-0.001717795627542506	-0.0004614634261833921	0.0011361124563845438	-6.865424324716575e-05	0.0005180283621503686	-0.0011835859791714633	-0.0011197740989734935	-0.01306435668314829	7.658868163666659e-05	-0.00197214065325854	-0.00042407054255214603	-0.0006345385617005945	-0.0006870761183926374	-0.001878595793704348	-0.0028316086393916926	-0.0001521855298932455	0.0010124448106730406	0.0013202408712308657	-0.0015254499276206638	0.0007522446073650764	-0.00018024055465989903	0.0005908626360628532	0.00032766878786162537	0.0008151605687084128	-0.03382138434665179	-0.001891514318918063
SYN_CASE_12	SYN_CASE_12	-0.003395606795632002	0.0009509339153054008	0.005537738848084582	0.001609132256980553	0.0036891008090418538	-0.002955034320298412	0.0004337338240818393	0.007036197694608124	-0.0003951145744793018	-0.011385823611373823	-0.003462565211504949	0.0004149800962626723	0.0035229975451315674	-0.00039429275619042134	-0.002677265881953099	0.004797816705299387	0.0003933545596672524	-0.0005657176662801377	0.001672076275043643	-0.001030714384052026	3.509187841282698e-05	0.0016710519788349755	0.00037458872561558864	0.002078322435960409	-0.0025560396091541004	-0.0010237998091875008	-0.011645293515994054	0.0003338260841420531	-0.001161936618300567	-0.005656841757037397	-0.0005422833723011495	-0.0007516634343423627	-0.0006459988192216608	-0.005568202797845167	0.00014715301526733028	-0.0017893309494371205	0.0027269445331952955	4.403424543450592e-05	0.0005072861825609887	-0.00041059462835589164	0.0004023281900054779	0.000171467162764965	0.0005099289953839776	-0.029382789888485892	-0.0006824898574560149
SYN_CASE_13	SYN_CASE_13	-0.003031408462365822	-0.0018252616370988159	0.0044868888042371114	0.00023713629581632948	0.004782331481432233	-0.003947937142289127	-0.00014109488365200102	0.014771096515575604	0.0014981503345055567	-0.014699834536173524	-0.0018341078301133667	0.0025320551107345345	0.0022081467812474064	-0.0042174094748406174	-0.0027381839852789864	0.003363663558579487	0.000535697075607713	0.0008339927333025957	0.0021074235889974474	-0.0006877219509821154	-0.00035141599541065836	0.0012281525325731491	3.296059425899169e-05	0.002418687394199831	0.004051764997350115	-0.0003469410501042842	-0.011195810360486025	-3.518240607438349e-05	-0.0066575729454432814	-0.011160032479430195	-0.0004439636643041025	-0.00030179148809733245	-0.0009908821686478958	0.0017372570082034256	-0.00021665339773027658	0.00021296451756650116	0.0012676321831733355	-0.0031071408021136043	0.0006443477735417688	-0.0003902021682660497	-0.01696084913079781	0.00038440699327280716	0.00017716601333560495	-0.01863379997311217	-0.0021423030718924893
SYN_CASE_14	SYN_CASE_14	-0.002211521403933794	0.0003384594012384964	0.004308786577093624	0.00010208547117922721	0.00442956100236106	-0.002072152477760817	-0.00013578787975386934	0.006302493394197731	0.0012593638597094335	-0.013574747505449857	-0.0031780179644433286	0.0027216878846418177	0.001589866228337848	-0.004142047661364577	-0.002190222360724638	0.005239710954988066	-0.0008363612715144147	-0.0007947349396683717	0.0014590449325971922	-0.0007835525816853404	-0.0005784687512816991	0.0008129211490472048	-0.0009274018837967748	0.0017177323195654074	0.0017332083532966061	-0.0006846175050371285	-0.008477239467320093	9.428956736207151e-05	-0.0016144815023835832	-0.0055262273456068225	-0.00034310034203870914	-0.0007580288071747997	-0.0006659184041051548	0.0017915325393976233	0.0004098862020898674	0.0015958417516233896	0.0010561111799581586	-0.0006413303868734974	0.0005204846814636772	-0.00014417073165578205	-0.00021491849326201408	0.00033883999221874175	0.00036179143535338646	-0.034108289027056746	-0.00179646508421375
SYN_CASE_15	SYN_CASE_15	-0.0016491725078009423	-0.0026451904238049117	0.00342796808279492	0.00047872782126952485	0.0027345747425301004	-0.0009037723341231267	0.0004137320297190076	0.0072152473347473845	0.0032828852317674604	-0.009962975936320903	-0.0016369759376824726	0.00036952176170184763	0.0005753969824298056	-0.004489201634621237	-0.0002908352972641585	0.00331456884379354	-0.0004277711466288327	0.0022156479970169033	0.00175969369348515	-9.60168091968493e-05	1.0785730786360871e-05	0.001138142571153127	-0.00016041469287457943	0.0009881081937292784	-0.0010337058734131324	-0.0002300111997380659	-0.012247431107980199	0.00032997488387965607	-0.002820167575784697	-0.003113139505295484	-0.0003138588809587674	-0.0005764509952319902	-0.0012914625045304681	-0.0040251125398598556	-0.0002355739706282026	0.00029874671258763724	0.0006466160911580269	0.00043162434397091634	0.0006367407042109152	-0.00022109057887437992	-0.0005553190659408243	0.00027297912027142814	0.0005390182112189959	-0.01989993923792985	-0.002234243325017964
SYN_CASE_16	SYN_CASE_16	-0.002416052979024181	0.0025211783107846803	0.005040804268404891	0.0003289237537302497	0.00486364201472284	-0.0026026410249823375	0.00015978218044882447	0.012848190187465901	-0.0001681363345922868	-0.017301334710007856	-0.003223244879937144	-4.344449294669324e-06	0.0025525414721146726	-0.0022764463183406747	2.1758929385576017e-05	0.0020488042855729537	0.00014078257600219456	-0.0009594170378415882	0.0019798655049368713	-0.0006957403580574937	-0.000340235564550062	0.0019043402314607401	-0.0007462243229029939	0.0004219730098631775	0.0015887076274052833	-0.0013242947105677981	-0.009267482873278079	0.000521221438944279	0.0007721538410870585	-0.005234897664169431	-0.0006280964599754446	-0.0004353375313677495	-0.00020885676228544968	-0.0033845398285029487	0.00011638312932861985	-0.0018961401944279522	0.00165565569572951	-0.0012967490437912695	0.0006782622748985174	-0.00028981291503130737	0.00086119133128134	0.0006350383517041566	0.000325886091216507	-0.0341243049946809	-0.0013938490462030015
SYN_CASE_17	SYN_CASE_17	-0.002706522839912423	-0.0007368371160452732	0.0040030590445678076	-0.000535082015124316	0.005138574546510204	-0.000989180377656028	0.00019386556616477805	0.00966539344341313	-0.00018435736904005783	-0.009368771594016298	-0.0035116430356877367	0.00025527691630963036	0.003387480314597088	-0.004543575374652786	-0.003398934012601397	0.0022861917771432685	-0.001070513745142767	0.0009535933402122376	0.002175218083034273	-0.0003456104528882471	-0.00029167672613069826	0.0018463806145348604	0.0003918468224061925	0.0016506546367822802	-0.0011216837307620555	-0.000503464519402258	-0.010584560930320322	3.8605804951186754e-05	-0.001407559798288169	-0.007886945272684317	-0.0005948889907817276	-0.00048042168319784956	-0.0009775194456904022	-0.0035968491835892784	-0.00013917961859496452	-0.0004698485661701392	0.0012138072842460866	-0.0010126674884713108	0.000420589864456266	-0.0002463086778938043	-0.01698816406410622	0.00032865284182844227	0.0006027876971004373	-0.033779480572141175	0.00018514056746010764
SYN_CASE_18	SYN_CASE_18	-0.0018707154146618962	-0.0042506272297809684	0.00463168559750793	2.2107140596916288e-05	0.00588119893786071	-6.536635408032226e-05	8.334418620913638e-06	0.010866535079939022	0.0003595188647428339	-0.008083945884922276	-0.003204404424457354	0.0008443476400155706	0.0034305271003992454	-0.005537284691877432	-0.001100809096705359	0.00013267706604891606	-0.00014312725018665189	-0.0024287287369801004	0.0014571223627001919	-0.002437088570075469	0.00010142147529947414	0.0022546998025465095	-9.460499964998538e-05	0.0014090377482690408	0.002138345774222521	-0.0007865675989116642	-0.01243143346090024	0.00027339127936174007	-0.0003043374651776271	-0.01388949568275235	-0.0006600672184074247	-0.000443042313439712	-0.0010920424368749484	-0.0001458804123334595	0.0002706944239852762	0.0013665215477593618	-0.00014850912203660045	0.0016865039360705243	0.0007290874333870518	-0.00028415187689760256	-0.015753256355576385	0.0004279424652944831	0.0002892204551716856	0.0032300708755687475	-0.0020083487108463237
SYN_CASE_19	SYN_CASE_19	-0.0032852983504588146	-0.00014567451045142932	0.004830676637054952	-0.0013315393977367375	0.004869493616934447	-0.0008991681304885014	-0.00018568393881184127	0.014414049010467033	0.0012199894073348615	-0.006052280483642599	-0.002858183634872295	-0.00013019657325970344	0.002561126675093224	-0.0018129524229860215	-0.000480085884238334	0.0035956207488733196	-0.0003567635300950451	0.002297001645183629	0.0017965212755313965	-0.0012606740011392363	0.0002829354551630877	0.0013769303139744894	0.00020954502791707197	0.002830531497328349	-0.0015360262150895144	-0.000783310518690033	-0.00786363303023588	0.000365179797701062	-0.00047528206058079976	-0.013349081681939172	-0.00040556019298485765	-0.0002599179633312399	-0.001666514096418979	-0.0007117527193210312	-0.00015082685668730482	-0.0006072934992557669	0.0010696479930002482	0.0009254225723686497	0.0005756818768121953	-0.0004761400505073529	-0.0001159802864768342	0.0005786950529345627	0.00034689993026399514	-0.026161172240175376	-0.0005929095849074843
SYN_CASE_20	SYN_CASE_20	-0.0031068423661723263	5.827619745857764e-05	0.0037868688323416163	0.0007724597328141679	0.0044287985306684765	-0.000544962801875992	4.043925876228949e-05	0.022292442176041795	-7.175474761134369e-05	-0.006558479538829122	-0.003460497194262336	0.0015770951175058318	0.0029013797261443755	-0.0037900429599652826	-0.001808567948220348	0.0013854598469441469	-1.7982830729697324e-05	-0.0005059963238238595	0.0022090532209616542	-0.0005369528941935446	-0.00014726443468312202	0.0009563963654969289	-0.0024413247086391703	-0.00038309567106152283	0.0002977151434261553	-0.0007261174288631251	-0.011649917792564888	0.0001776233969931522	-0.0008727481139823381	-0.0004033779469283353	-0.000466375244144877	-0.00041768279557196074	-0.0014040743160447673	-0.005800440852908479	0.00025775374375307334	0.00032253925694235915	0.0016066728764486877	-0.00028185603086019545	0.0008561812512205755	-0.0003986299768325332	0.0031932989054160982	0.00010100286136470148	0.0006980319077731117	-0.0394303669835127	-0.00038838079691141486
SYN_CASE_21	SYN_CASE_21	-0.0031063270539009855	-0.0005704646207990678	0.0030618117925440796	0.00012692475480736163	0.0031849160295528453	-0.0014433567103836137	0.00011061060755638057	0.009444138087010154	0.0014924541226429197	-0.012060107537342159	-0.0026180457733154775	0.00047592819228594544	0.0035812600865861048	-0.0029271789967857237	-0.0003380274695495569	0.0025512320295334213	-0.0003915257889739821	0.0007478160290370261	0.002200944217480158	-0.001030445076632415	-0.00040119955814593694	0.0010618747200957519	0.0005470920645418182	0.0031815740800525765	-0.0010850749117481216	-0.0008828000881516441	-0.007018738477503324	0.00012571523003985613	-0.005333519308622727	-0.006456249990687567	-0.0008305684248911245	-0.0007341681597381415	-0.0016276197467340167	0.0012228684886998486	-7.04064100051026e-05	0.00010532672322418195	0.001375826017594057	0.0005133672862896182	0.0003885704405868807	-0.0002982568033471773	-0.036498372964001186	0.00020843318737350248	0.0005211875998375935	-0.019374748078046754	-0.0015903934754056856
SYN_CASE_22	SYN_CASE_22	-0.001830403945533553	-0.003192906036670233	0.005858622002327478	-0.0006986462037083013	0.003086857309071711	0.002658317896990525	0.0003877156444566716	0.005725283053825236	0.0012300761359906893	-0.011165122163837861	-0.003129878912500288	0.001987786880012328	0.0020917289822790603	-0.0037315555487167818	-0.004639414772390843	0.001961447309622409	-0.0002136458228698962	-0.0025226784603798826	0.0014786140047311244	-0.0008619309227753148	-0.0002349125354701845	0.0011932487112004172	-0.0008672707625770647	0.0013811374393204064	-0.0004518213900837044	-0.0007782360777945249	-0.015635495767107096	-0.00010457349637679105	-0.00047978411856601684	-0.00901731148990539	-0.0006005374269788031	-0.0004581802177429557	-0.0011848669184556294	0.0007382653146421646	0.00013471910265398868	-0.000252164673912772	0.0022563675684966053	-0.0010152229833464233	0.0008288538761468244	-7.128989594170172e-05	-0.015283143214695654	-0.0011567963955999943	0.00021763469915048913	-0.03170574966256345	0.001327256605820688
SYN_CASE_23	SYN_CASE_23	-0.003031403059695554	0.0030069375468165143	0.00316626626470618	-0.0005424144224774361	0.005813812027088332	-0.0014638074663879674	0.00023708452167684407	0.016297452475907016	-0.0007496124582284481	-0.012961655615605779	-0.0031211361346480883	0.0012823158263983545	0.0009757861310054235	-0.00299155420234594	-0.0029612477583227876	0.0021745048851653983	0.0005717575621479789	-0.00254351107319472	0.0021168611364636276	-0.00024645210144721215	-0.00030427663679710205	0.0009097419178497021	-7.187428081630673e-05	0.0005988028120034183	0.00035597971358264206	-0.0005893828311293533	-0.010737266511266554	0.00012934480161147396	0.0002492270007241766	-0.006322108794015547	-0.0008505428730408942	-0.0005947834534237563	-0.0014776569646469619	-0.0021757944085299625	-0.0005208095465598985	-0.0006778265630470818	-0.004438773162596368	9.056592784488766e-05	0.0007157670946732503	-0.00024137442492504698	0.0007689880616441363	0.00037788952104806674	0.000583053307061802	-0.040770778554136876	-0.0009266531459406215
SYN_CASE_24	SYN_CASE_24	-0.0037149092072875202	-0.00046907879583134575	0.004364934674348923	0.00019972350212979568	0.0026646757018414183	-0.00141026184119613	9.972535949331187e-05	0.009403809717193184	0.003152111883746993	-0.008937096769773953	-0.0028169802079883095	0.0025433968654640605	0.0037545573152167394	-0.0034946852413834007	-3.7049603085244224e-06	0.001954794185478235	0.00022948699368745826	0.002682946936390365	0.0017912699429325568	-0.0007480970182416804	-0.0002981003316756193	0.0012567633632447701	-0.0013093350200635596	0.0013493849938214	0.0014064719484190844	-0.0008856260066378301	-0.01423688768682331	0.0004442672775128653	0.0011049984111619533	-0.004810322397698924	-0.0005123652110975078	-0.0003300553242593511	-0.000828388626154678	0.0018572554038375653	-0.00017823764751225742	0.0004493287854275778	0.00810500496455116	-0.002070910751826036	0.000696917272610792	-0.0003455973578365962	0.0024325372689696164	-2.2683124519211558e-05	0.0009303176628612868	-0.03628642284081349	-0.0014632096162930824
SYN_CASE_25	SYN_CASE_25	-0.003451573246205567	0.00273910790089045	0.002785745942883684	0.0005344156447181247	0.005415687692070333	-0.00020234893308552663	0.0003305004202971676	0.007885267216605618	0.0012124372378222318	-0.00787831270959042	-0.0026671194163296937	0.0011525795345365558	0.00022826644260768276	-0.0008028301306435005	-0.0029486676619974546	0.0007827741898553981	-0.0002091175226073104	-0.0016282173065062478	0.001625933664250206	-8.397818411588779e-05	-0.00039306240685047064	0.0016322253571165425	-0.0005535598083606673	0.0018626130161153867	-0.002901142441251268	-0.0010920455769063877	-0.006294491991734148	0.00021271517728870158	0.0032341656448903033	-0.0032120303768629257	-0.0008100023913413686	-0.0003374907462892424	-0.001524526705317397	-0.0071554899106284365	-0.00014873827900038867	2.9475469213655585e-05	0.0016797527651581522	-0.002037475562300541	0.0007939888859993588	-0.000651075514773242	-0.00030816152625524125	-0.00041482678045612434	0.0005303379741323301	-0.022105112982780346	0.00037363803920335023
SYN_CASE_26	SYN_CASE_26	-0.0031780053534671013	-0.0010903964169065971	0.005974972408084394	-0.0008179197583986178	0.0039989058527343515	-0.002938342518739389	0.00037360883183868647	0.008260124578309838	-4.321535234353682e-05	-0.013612643269886373	-0.0028576529701557847	0.00012293453273257566	0.003010477052764097	-9.057244112856015e-05	-0.0014885876092674327	0.0039703254944746975	-0.0002316799182198597	-0.000675771741853714	0.0024495685343292294	0.00022923287274614603	-0.0003701636133807536	0.0008295341341884869	-0.0008560616043987487	0.001410031520090997	-0.00021729724667095585	-0.0008757334524411369	-0.005138988498779289	0.00021171552122068376	0.0018943860653073033	-0.003164067913495903	-0.0008950450945903222	-0.0006652665509720465	-0.0010926524869750243	-0.002949139218069521	-3.5599625607038344e-05	0.0002101082558297205	0.004466625431278481	-0.0014412464890167151	0.0007015878393963723	-0.00029432375427181236	-0.0012553866931216242	0.00033252184774050964	0.0001697506455680138	-0.03994278530958652	-0.0005453705496243044
SYN_CASE_27	SYN_CASE_27	-0.0024504107080611202	0.0033703991249964694	0.003437483155773463	-0.00017409516550029658	0.0042673975240071944	-0.0017347106532219578	-6.449529355884105e-06	0.010550717383185334	0.0015834142603086622	-0.013552435888603137	-0.0024486980269091013	0.0024120644758859017	0.002296659953168143	-0.00047828948141948117	-0.003087476968468043	0.0031546676766833334	-0.0007410951972746675	-0.001573402211068415	0.0021728919387315193	-0.001776052215923304	-7.438936855416235e-05	0.001967557844863673	-0.0018251098950333594	-0.0002880966482684957	0.00022273671051321891	-0.0010040040949439537	-0.01187499122466075	9.326405848339992e-05	-0.0028014033313955235	-0.004448714547346059	-0.00045420722331719073	-0.0005242816875028812	-0.000529370232214421	0.0004176061799479324	-7.726234174189404e-06	0.0003261719454183267	0.0009469312942750714	0.0009867966656929878	0.0007261726494568917	-0.0003483789621436529	-0.0002581608711605214	0.0002673837943071262	0.0008066483351720929	-0.008007710788861517	-0.0005238359428344647
SYN_CASE_28	SYN_CASE_28	-0.0018154427693123525	0.002436961986805486	0.0028765577805223087	0.0004726478846958839	0.0018807571997717866	0.001485117879894241	0.0002127552000410894	0.01082822891585432	-0.0007178340007539198	-0.01412080456328295	-0.0018211582909855783	0.002462049240410129	0.0016511430847711392	-0.0031576035272394636	-0.0032728726385522684	0.0020543161866731566	-0.00010070229398860127	0.000856969950425829	0.0018424021311827662	0.0010711955160077008	-0.0006588584569412062	0.0013686428720365007	6.377593713029496e-05	0.00023048051171638186	-0.0011588883197603081	-0.0002110058478609183	-0.011669528354259887	0.00024867983861202295	-0.002248826797120798	-0.0028331827303035265	-0.0008403796071392021	-0.0005670749308606163	-0.0018932569196529457	0.0005331518866853338	9.066450228514015e-05	0.002148191284920913	4.266807450616983e-05	-0.0021173161977422307	0.0005648722898475845	-0.00023222004696549266	0.0009106913409520837	0.00013268532874865198	0.000503947213552055	-0.032398303982789645	-0.000557730269599602
SYN_CASE_29	SYN_CASE_29	-0.0031968248048657093	3.1061216004718e-05	0.005477917061477979	-0.0008808969661300717	0.003608594239645356	0.0008094593057258312	-0.00016143788857664397	0.006659840843581192	0.0017282220112204362	-0.005115489567019166	-0.0025724492513675788	-0.0005911481287855028	0.0015006741835217983	-0.0012690082824828787	-0.0012448709710622717	0.001394229723644455	-0.00011786546350593999	-0.0010257915289256028	0.0020819529238554012	-0.0005413882871154492	-0.0006992526157310639	0.0011324004826713519	-0.0018352213821030809	0.0010916775164092067	0.0008586066263504655	-0.00039630507239954524	-0.006368082697750597	0.00010971724804291385	-0.002835766977752361	-0.0007295647518045062	-0.0006637652744040611	-0.00048394026823766307	-0.0007691199163643074	-0.005008619507529077	0.00015299240242421774	0.00027256928748408776	0.0004517018067574716	-0.0010101969492909168	0.000746701678203034	-0.00020279194382310706	0.0037142220717105716	0.0007762624621478091	0.0008066421959167289	-0.04416785432873975	-0.0017520286045046563
SYN_CASE_30	SYN_CASE_30	-0.0028064410066864693	-0.0003726225884462997	0.006662232659464029	0.00041759438515579303	0.006580809835369541	0.0011069290011894739	0.00011971291808044661	0.009461810986526362	0.0012737298970058456	-0.014242275973517989	-0.002540886637092037	0.0016925218920656236	0.001617071040311482	-0.004503977684136158	-0.002317156853853504	0.0020149524809254782	-0.0003123881958109815	0.001453188575092776	0.001773048605556198	0.00028709378772420643	-0.00046900509000058195	0.0005411922904369678	0.00027035460822849523	0.0013824676501326125	0.0014378209661227719	-0.00013224581986418654	-0.011734951201069077	-0.00011254439853061736	-0.00396969405111379	-0.003908656867007178	-0.0007881130778070638	-0.0005872994526875467	-0.0012276886451577727	-0.006088166874836269	-2.2797223018324062e-05	-0.0013026637848142348	-0.005630815033875169	0.0002524629010252363	0.00036003764275459137	-0.00012438590940381164	0.00038094439749268225	9.669891053089599e-05	0.0008788108844973344	0.0037684165942281447	-0.00102818460490342
SYN_CASE_31	SYN_CASE_31	-0.002977054939198872	-0.0005974905082905973	0.005576535460694806	-0.0012470172200985323	0.0051840649175969745	-0.0016432067788026696	-5.721428103024092e-05	0.012357645277545135	0.0013380327063690072	-0.010425558156282853	-0.002793837379297528	0.0015944058263359763	0.003041853643102377	-0.0006907553048752061	0.00037062600780904105	0.0025385784815688587	8.713495945957064e-05	-0.0007358713460174267	0.0018838727973192805	-0.0016090539696180836	0.00025788649524193045	0.0023385256298472253	-0.0008124649971949198	0.0006094540165836236	0.001326840746705385	-0.0006512347955857233	-0.0159152338757735	6.641297307619877e-05	-0.001400857821189004	-0.00583632096182735	-0.0005967650391140895	-0.0007201986633863764	-0.00084598022719836	-0.003024781715022024	5.0813066484837366e-05	-0.0015387820167510685	0.00041308011322971946	-0.0003195392818414103	0.0004943014600181173	-0.00021382732835827407	0.001194901853065348	0.00026988299873396943	0.00022204764975622092	-0.04864530833374987	-0.0011406144093662118
SYN_CASE_32	SYN_CASE_32	-0.002937273497351912	0.0018243086608160251	0.0035729466176061845	0.00033362398873270347	0.0032920368245877964	-0.0014957277978027976	3.967091311476265e-05	0.011799543332793564	7.764968945181059e-05	-0.012299483594532519	-0.0022331860044338715	0.0005192615139319951	0.0018781496011743245	-0.0021363004088349345	5.739286684293023e-05	0.0031776117655989886	-0.0005189289209833998	0.00036432875926564214	0.0018453511553927777	-0.0005653937048566393	-0.0009597601415417944	0.0004300242730836949	-0.0005534197554894334	0.0011130902645506552	-0.0014347513357270013	-0.0010379058200329781	-0.012436566747637438	0.00024062475204521171	-0.004717393462786429	-0.0075556693068175446	-0.0004723278759156915	-0.0004027145105847329	-0.0006969178382517735	-0.0022288605725667744	-0.00012528563627347926	-0.0004070042531438497	0.0038493374727246754	-0.0004520495223885673	0.0007360850691575608	-0.0002577554278570327	-0.017978412055774835	0.0004305522632132804	0.0006073217647946115	-0.03855917872078703	-0.0019373323356192682
SYN_CASE_33	SYN_CASE_33	-0.004576620850577439	0.00037527699036702246	0.004837418990955739	6.595327011436788e-05	0.008494909453518272	-0.0012138534670017775	0.00028232032452870726	0.008906104633804063	0.00018667622348524603	-0.008509527088927783	-0.0023696619025163727	0.00044996788308283305	0.0016926938550186398	-0.0002910215827186621	-0.0008815790185630822	0.001929612016216427	-0.0004653638033110711	0.0007332585360822929	0.0021403930978361988	-0.0006995915949713782	-0.00019494531935372787	0.001181604115545477	-0.001880362792506332	0.0015575042494794739	-0.002087648668411058	-0.000786493690980268	-0.01564798905197359	0.00013634192621460965	-0.002811281708335273	-0.008404525605777502	-0.0005736356802290174	-0.0005940887119575578	-0.0010505911668549032	0.0002833645134249005	0.00013542601922774108	0.0008437500977718878	-0.0014684382662451256	2.189495608488981e-05	0.0006155499008490036	1.8100957727570907e-05	-0.015731954535668523	4.720906544142506e-05	0.0006927344639295779	-0.024696870393937864	-0.0009121355692818654
SYN_CASE_34	SYN_CASE_34	-0.0014791653771432506	0.0014068225239223552	0.00551966554398802	0.0012964530578408434	0.004974945841603946	-0.0016104407670099754	-4.302065210842402e-05	0.011003709469630191	0.001737296448171289	-0.010212519997789818	-0.0019392095622448604	0.0009314406233305881	0.0022939337852609593	6.12320424438116e-05	-0.0014281880677066816	0.0024791858009886674	-0.0003027027274376364	0.00022546931476829867	0.0021898438116184616	-0.0004340709695931732	-0.00020681022434822945	0.002348367523140809	-0.0006640756455128446	0.0011253203987188652	-0.0021533308620958116	-0.0004987253696745218	-0.011283358658524865	0.00013081388078462275	-0.0005828988925523496	-0.0013233758801404465	-0.0005748311335551755	-0.0005085446686892568	-0.001028574722864002	-0.004613136947223085	7.030100297954224e-06	0.001491809451456124	0.007093480939293183	5.190794012867995e-05	0.0005184157219401831	-5.373181180412523e-05	-0.01602144333886058	-0.00016323897001341834	0.0005284115592551239	-0.03616731850666619	9.722476041781867e-05
SYN_CASE_35	SYN_CASE_35	-0.0035216249943260712	-0.0012749191815438975	0.004772841805773239	0.0016294376121745674	0.005470936033016503	-0.0027730643956124616	0.0002581036586262992	0.010647071422906499	-0.00037965823151997946	-0.011194074524506001	-0.002749214142087019	0.0014983369561563946	0.003263155133704298	-0.003195703534627177	-0.002386086309109978	0.001626507058809721	9.725152432720597e-05	0.0035933396101564623	0.0018831220536632417	-0.0005100154332767599	0.00022191608635890555	0.0013119254437368646	-0.0005350476530929085	0.0013043352835438384	-0.00045782968026183724	-0.0010149596585153481	-0.00939018723471307	0.00030939232906209996	-0.008797877613883315	-0.006951675024499429	-0.000511617811890577	-0.0006211722717025768	-0.0012116663756786814	-0.0004235650228099904	1.9066705580322559e-06	0.0021166323602963746	0.0036539633256526902	-0.0022721314088550745	0.0005207297789268303	-0.0003599384225560304	0.0023263235608060586	0.00012749169615990026	0.0005352559633418887	-0.03407955044089301	-0.0027422097602531007
SYN_CASE_36	SYN_CASE_36	-0.0007594592426382045	-0.0011178601754297675	0.005358350686914599	0.0009730452222215546	0.004364042353171797	-0.0005005904388665946	0.0001216219849387705	0.007567893541072417	0.001628805403864415	-0.013153654123895488	-0.00292710071649197	0.00020121292183982836	0.0030296262408808514	-0.0008041097494135344	-0.0016647456220050766	0.002119209431894572	-0.0002714913359080006	-0.0008946582656638455	0.001484073330913839	0.0004457822649558243	-0.0003386996174109432	0.0015714715692960518	0.0005884873282687625	0.0007805238927481943	0.004227126358922203	-0.0007206218354933554	-0.009051859185252104	-4.846828358988432e-05	-0.0009506736233393502	-0.005105370657193355	-0.0006797229212436909	-0.0005844178648043491	-0.0005319480560937412	-0.003264615165602805	-0.00019445623806828204	0.0014559501875318424	-0.001527568272821432	-0.0013751589978988677	0.00039726326260965	0.00012205008987962912	0.0021505760750105624	0.00016519967203660173	0.0010605715791049462	-0.025833966413661712	7.99748169459067e-05
SYN_CASE_37	SYN_CASE_37	-0.0026013450949183407	-0.0005375999904368269	0.0060444179129043206	-0.000614022571089762	0.003889753447366749	-0.0010916928466026818	0.0003798096797204434	0.010381944787975866	0.00277839485360133	-0.01079233215891093	-0.0030400314657257916	0.0024241973774536516	0.002373062219991167	-0.003255505115008265	0.00019583331519947494	0.0036004032943771445	-0.00020717546761538086	-0.0022284971677063855	0.001639332315287989	-0.00032477608046695605	-0.00044800987921333644	0.0005039846296733036	0.0012011701827765741	0.0026213723958148968	-0.0030092930946816316	-0.0008640517251500608	-0.012704476565642556	-2.4829456319398323e-05	-0.0038005493116389753	-0.0039301875607730815	-0.0004078634314087095	-0.0006047520141503137	-0.000777284955528138	-0.0021219728053330756	6.698416412503834e-05	0.0003388764060786539	0.002097437094061529	0.001078335012171847	0.0007797899246260667	-6.491472603939756e-05	0.003169673035672588	0.0001176623184355356	0.0004661558633008241	-0.03947953307802678	0.0003000935068981427
SYN_CASE_38	SYN_CASE_38	-0.0031674072507783097	-0.003252324628948835	0.0045041607588698455	0.0010224674659785884	0.004445819704193808	0.0014577658546313442	0.00026782903449915134	0.017957023950364793	-0.0005273039289356994	-0.015723500025156278	-0.0034524543437811873	0.0021033546063231896	0.001014302323818668	-0.0035259558770650715	-0.0015775338197163194	0.004120667712695142	0.00028129454187055924	0.0013558978569983768	0.0019212246327697455	-0.0007737875841079339	-0.0001295913896666948	0.0012372671796200563	0.00036062860052441973	0.0001740106594713909	-0.0007192842374520201	-0.0005463301194888929	-0.0009405133349675917	0.0002886649805478044	-0.00216892549821892	-0.006327606883386176	-0.0005248519737470191	-0.00047315072323496875	-0.0011452421307286261	-0.0028665198407558587	-1.0482486382491609e-05	-0.001077972043812859	0.000612538082534154	0.001172953835888846	0.0005036681633666213	-0.0003650595702432269	0.0018999196672128248	-0.00046620037918591845	0.0007546186415291087	-0.04490550296584551	-0.0010799510175860945
SYN_CASE_39	SYN_CASE_39	-0.0026383885736059477	-0.003617746143262403	0.0036857024114851982	0.0006483596344965193	0.005766654779640953	-0.0027714906898683275	0.00038845081330029976	0.005175560560077811	0.002487399960371667	-0.01127551797528094	-0.003342369511819056	0.0008451142599100749	0.0025801822051602667	0.000654046483355192	-0.001713955906697744	0.001484122069765544	0.0002767667702308965	0.0009446122538805944	0.0018422770561764379	0.0003717504522523482	-0.00044256017106566586	0.001117015416809701	-0.0003440731820078178	0.001638078463340957	-0.002711166039231251	-0.0001597088934194211	-0.009733275346879457	0.0004886144050943728	-0.0007892347593612301	-0.0047262311624153685	-0.0005711852785144215	-0.0006653254377440322	-0.0009756737474650479	-0.004360563121099006	-0.0003398908924382212	0.000985591062895783	0.0006507214743602372	-8.199240458894851e-05	0.0006762221291183594	-0.00028017550609892884	0.00013239121386017527	0.0007747452228273197	0.000679977200395487	-0.031336111801899914	0.0012610724515225247
SYN_CASE_40	SYN_CASE_40	-0.003637281383577859	0.0018672448360267976	0.005365875365984649	0.0009141738165308191	0.007338943884605865	-0.0025788741818283194	0.00011768263384638743	0.00951697588512514	-6.549229864110786e-05	-0.00611583416926707	-0.002673057947856402	0.0010519223115178745	0.0013011899023099467	-0.0014491293850108049	-0.0016923601419782097	0.0013377982306581682	0.0006392321359517467	-0.001797434025761095	0.002241336000190079	0.0004025755583312423	-0.0005781403327891144	0.0016699656960095248	-0.0010890729617890813	-0.0016128940611451344	7.58109184629654e-05	-0.0006456685524326494	-0.012252993093599228	0.00012339360839466892	-0.0009449012601265522	-0.007754742842090132	-0.00044360537624383683	-0.0004182243978517521	-0.001885034787795663	-0.004025203659466334	-0.0003580458139987665	0.000769619912306838	0.0009477191469853354	-0.0010071313804267713	0.0005201488728968293	-0.00022037857256826474	-0.002475914235307691	0.000326912858593595	0.0010241247281377666	-0.036113674449711475	-0.0015570178295428035
SYN_CASE_41	SYN_CASE_41	-0.0026931313603612075	-0.000801603874827966	0.003752330031717067	0.00011118391736389857	0.00344133563269401	-0.0041772454175522935	2.963499983403985e-05	0.012332629114064277	0.0014226644321538402	-0.012689504762349138	-0.002906853913975853	0.001363896598586685	0.0021734400947338757	-0.005781213026106446	-0.0015707255359583543	0.003910388976088354	-0.0010425142608570183	-0.005239427406373618	0.002038313553057735	0.0004346624194055538	-4.640191557671253e-05	0.000811426942314454	0.0011834030020396226	0.0018052065710321946	-0.0013659230945756483	-0.0008034774033442016	-0.006894530102382967	3.996252347636195e-05	-0.0022005626877902996	-0.00792798719090269	-0.00048138122955048595	-0.000480906706796079	-0.0006940178098678266	-0.003727727320490545	-0.00013474420680212153	-0.0018091026333118898	0.008330017350746106	0.001573895967255994	0.0007862495783812124	-9.8308750138043e-05	0.002212795404507004	-0.0009631717272338215	0.0003370784248819032	-0.021211853618351286	-0.001806000291199523
SYN_CASE_42	SYN_CASE_42	-0.0031032980367968195	4.229214194144385e-05	0.0040573543539192975	0.0016637223312439837	0.003216506958535961	0.0013738826011539425	0.0001076725711697316	0.008425188345358693	0.0017220681747275293	-0.012964061890947131	-0.003388596560841439	0.002601349077455738	0.0023181843258271205	-0.00014255867506479374	-0.002270325655621718	0.0028914278003800455	-0.000369841786631818	-0.0009475695497384347	0.0020338815297637415	-0.003249225452692631	-0.0010729281099330211	0.00024909820147419974	-0.0004552720443890783	0.00018460156762265266	-0.0012310307290582796	-0.0005649688351992159	-0.0051530464964867455	0.00036294677448756333	-0.0033350013650945095	-0.005015066582559955	-0.0005126098934867641	-0.0006429151537759967	-0.0015800000224830983	0.000803519940566554	0.00014134571128549683	0.00048223108404934253	-0.004128065899224531	-0.0010591461334151537	0.0005440456207546809	-0.00020589892405881608	0.0017364017542632563	-0.00016164980624271905	0.0006922245985717859	-0.02204078989296127	-0.0003520807306032156
SYN_CASE_43	SYN_CASE_43	-0.004322807680001732	-0.0028326529894989335	0.004070033701794704	-0.0009172066044512078	0.004020626075125905	0.0011872277605152152	0.00023722773202555677	0.01041888637967457	0.0018438412630313106	-0.012703646944008369	-0.0026887205404916943	0.002097599056458779	0.00035807059774041537	-0.0016769305692205321	-0.0004774245675791895	0.004405051214966664	-0.000606869349026363	-0.0004641535325983816	0.00189278331186869	-0.0022867866296421356	4.0400574034646015e-05	0.00017114083742249627	-5.82765664221099e-05	0.0019690647245480595	-0.0011701919056053727	-0.0008376197987320017	-0.010185359840954498	0.00025422188537614664	0.0014933021537006333	-0.01022211279169508	-0.0006734071949647206	-0.000458326122205318	-0.00121356134083717	-0.0021095399738016644	-3.0380918689602043e-05	-0.0005912628627848049	0.0017538402519381143	-0.001513397143038524	0.0004523025861498436	-0.0005018076423862736	-0.001090974613568471	0.00024054286942137338	0.0009199253931209494	-0.03748895392191679	-0.0001753192198493836
SYN_CASE_44	SYN_CASE_44	-0.0035706649073183844	-0.00028962770598562205	0.004823401668395183	0.0002854371367371989	0.004104079858989233	-0.003212537134949371	5.300663173852339e-05	0.01533958128957387	-3.5366261244179514e-05	-0.008469682215664678	-0.0033112669506804187	0.0007753221010072069	0.00380538252301895	-0.0012564433360167998	-0.0006956903406783251	0.0032455120545275486	-0.00016195932289182278	-0.0030890992569487783	0.001913754918260083	-0.0011067589084672227	-0.00036534781881068296	0.0015128569654575628	0.0007301616726690406	0.0008409661584928908	0.0009897124107966734	-0.00046119029644390165	-0.008457045091413705	0.0002525439775144935	-0.002180710841493485	-0.01685410805762945	-0.0005617473685456831	-0.0005387318401683076	-0.001259705881399345	-0.003360545107697292	-2.110524113319829e-05	0.0009822029715592148	0.0002243489475068277	-0.0005624194096631706	0.0007064950803283025	-0.00047085439782975714	0.00224879147719278	0.00027889433522231894	0.000473537410719248	-0.03488601340894786	-0.0016425721844101882
SYN_CASE_45	SYN_CASE_45	-0.002399569582955293	0.0032513316906518683	0.003744763920088727	0.0005757551960237494	0.004281123322055827	-0.0027598266431712658	0.00014391019339971405	0.014559580144410939	-0.00039459687614604405	-0.0160059485380659	-0.0022564166382313742	0.001494934914004617	0.0001230494091765428	-0.0034630126384947463	-0.0023869598135164115	0.0013775983392686894	8.784968114848698e-05	-0.0012979252971560711	0.0025671992629854893	0.000399857496452805	-0.00048609078069444616	0.001123590569410664	0.0003617339035059278	0.0020674029699938633	0.0019509287873493131	-0.00044177903417139976	-0.008178405317026644	0.00016243025809850424	0.00042574181738063577	-0.009316201330430237	-0.0004938572498778177	-0.00041036643518592425	-0.001126237654345395	-0.0023407518340699592	0.00015152040004511787	0.0007949068129983454	0.002880721924260838	-0.0016519986839848859	0.000421116172134933	-0.00023855300168577385	-0.0004519234247236013	0.0004858511638715785	0.0003247850681031849	-0.02168710306548551	-0.0006444170646750087
SYN_CASE_46	SYN_CASE_46	-0.0035242600666813844	-0.0006001067997351505	0.005612224755932039	-0.0011862743490415064	0.003652287985851293	-0.0011274345411489324	0.00018158183285545091	0.01447255545574417	0.0002873336339511589	-0.013479214622827331	-0.0022748868084388574	-0.0014697253198572315	0.0009361244969607343	-0.002755632418454826	-0.0020492197636066073	0.003421977520027097	-0.0001889403936748586	-0.0029231938368701267	0.0019090872253737501	-0.001137809713952835	-0.00015204358763665544	0.0008518203556098293	-0.0017016456502981236	-0.00023480011176694627	-0.0002371550997411413	-0.000926478344480905	-0.010028201020531185	-8.797030916030102e-05	-0.00211631863722785	-0.000921891021095914	-0.0007649128030210812	-0.0007974116807587714	-0.001982796130049495	0.0037397283064848725	3.8096492719982005e-05	-0.0012382265857299125	0.0013717979404311662	-0.00025970653026058236	0.0004541199794053735	-0.0005189429189595748	-0.0007620330635417457	-0.0005063609073244009	0.0008508426771470069	-0.02410834723928612	-0.0009213671571332444
SYN_CASE_47	SYN_CASE_47	-0.001944627236332696	-0.0002797459882147165	0.0042062387404710935	-0.0005128143955205511	0.004902615409705269	-0.0007376196377047572	5.684057535185381e-06	0.01159673535001951	-0.0004569358896217588	-0.011917279252859075	-0.0026524750841617536	0.0014055623978266225	0.0022502017034757857	-0.0034313272263538377	-0.002555235516368182	0.0035833986483432773	-0.000191245207915842	0.0027840276606791547	0.0019711117169694246	-0.0023401047789574684	0.00048036334642624265	0.0015634582173055635	-0.0008930266382283973	0.0008057072466912107	-0.00047900494339740945	-0.0008125294476289138	-0.01005237825340809	0.0002402831102895609	-0.0011280503185673106	-0.009612666631696205	-0.0007168595631522324	-0.0005434584542485829	-0.001335298726873576	-0.003038021858913729	8.234754502938366e-05	0.0007858520507768209	0.0032234557424704853	0.0011048551988502844	0.0005515749697002259	-0.00028158689987757915	-0.01768671044384112	-0.0013157768873323327	0.0004695372146480324	-0.03288295928386234	-0.0016211606170770828
SYN_CASE_48	SYN_CASE_48	-0.003895907960147509	-0.0017869324386214928	0.0030795547377167015	0.0009722108520017503	0.004279519351487376	-0.0024620095379012065	0.00031169893870859475	0.011140577200862237	-0.0004623382977227408	-0.013434769706673408	-0.0025375006082825114	0.002774946311865278	0.0031881596723800443	-0.0008716651157385279	-0.00319222660845558	0.004426270669536124	0.00020417044602391243	0.0037610073667662483	0.0020796638964812944	-1.768768758192535e-05	4.4211398611414286e-07	0.0010704277241378778	-0.0010267525430201448	0.0006432845097249702	-0.0022232341751408447	-0.0010830331027312072	-0.013334954619454732	-0.00010030549641772414	0.001126338395407384	-0.004746437282194875	-0.0003677563119313847	-0.0004201343972758192	-0.0013812206090664484	-0.0017132168454142612	-0.00016231336672669304	1.158098077414474e-05	-0.002928262507302379	0.0006147227197164206	0.0007313699879907731	-0.0003571728950495462	0.00020030066945189072	-0.00044879022592611616	0.0010184962863638337	-0.02554103445721525	-0.0010469067255146442
SYN_CASE_49	SYN_CASE_49	-0.0031231015844813024	-0.0017028360675461185	0.005338079081322316	0.001211972638505773	0.003662061524792464	-0.0019536232777662512	8.606117625713403e-05	0.011990064156709569	0.0016505432612604794	-0.008657713051880183	-0.0027193301040341227	0.0005946051423273765	0.0021196545808197425	-0.0021085079948572867	-0.0009736318501057275	0.0019378766970855085	-9.044581896796805e-05	-0.000991715244288031	0.0021153618743198236	-0.0008466953838901241	-2.536303863097834e-05	0.0011387892075350205	-0.00119236304910732	0.0006285439967970791	-0.0029908299594947887	-0.0009146774735024128	-0.010192866554304769	0.00016471491690466406	-0.0001435534024532113	-0.005629699031721058	-0.0007126698724912516	-0.0005060107222642158	-0.0016323445447957207	-0.002259491257524039	3.340798596116686e-05	-0.00016511471968138003	-0.002562814537059046	-0.00010826905854988331	0.0006027430208687759	-0.00039619005258796007	0.001162409031922965	0.0006635422563200722	0.00035647990763630464	-0.03483017909793377	-0.0007514979419328339
SYN_CASE_50	SYN_CASE_50	-0.003425619518151627	0.002858915404067689	0.005014707798888507	-0.00017965173947526213	0.005065403585392163	-0.0007553773205825816	0.0001457289575343376	0.015558212760375594	0.0012363027046098474	-0.015083634829825953	-0.0021737555428183986	0.0027074434389923268	0.0014948838854188249	-0.0011057096795058841	0.0012037919217097494	0.003666379704425785	-0.0007274003243227037	0.00016431425738320225	0.0013757145251290291	-0.0023521866530877254	-3.748745788095211e-05	0.001837047832232214	-0.0003074124274459133	0.0018654591489156286	0.0006620078531950148	-0.0008081561342663194	-0.007724016016910839	0.0003687476220939223	-0.0008646336000138924	-0.0038456921673445926	-0.0005813367799334709	-0.000572748365964785	-0.0013170223432659384	-0.000929358939772216	7.17338977411371e-06	5.413134433232404e-05	0.004884495758318565	-0.0022123134517289824	0.0005681726064440027	-0.0004699851168837376	-0.017480264806418417	-0.0005131441025061564	0.0006945097388249607	-0.026046893105399604	-0.00046424822945649195
SYN_CASE_51	SYN_CASE_51	-0.002375520426658145	-0.0028117685801032515	0.005406772646413729	-0.0010328292655030734	0.004674807433841458	-0.0016022895508071055	8.815128384529815e-05	0.01354619034663766	0.00016358405175782007	-0.011781859008587785	-0.00294327703820953	0.00046926973202881747	0.0013979684218730414	-0.0027678839677731898	0.0004572180227620441	0.00034564812196683333	-0.0006023404874388359	0.000556276259435603	0.0018995946755646339	1.4918068395928971e-05	3.461876422653105e-05	0.0006593063085944999	-8.293008749036488e-05	0.0003855465598111401	-0.0005305050997138797	-0.00033370704368566883	-0.011385141428731687	-0.00018784202807026892	-0.0032016975761434145	0.0020747354670987736	-0.0006693655717476966	-0.00043294161350178404	-0.001567483189809675	-0.005858744483710287	0.00019754830864106523	0.001664394583135127	0.0035992323799261708	-0.00027912460253329236	0.0005091201980111012	-0.00015819966270283204	0.0013527999471643353	-0.00040925616763909313	0.0006227675425587256	-0.009797387335581848	-0.002116925526120395
SYN_CASE_52	SYN_CASE_52	-0.005582213714288396	-0.00010763055818131393	0.00282791076219637	1.0191603362573075e-05	0.003521918604328233	-0.0019572152882195645	-8.707056118434588e-05	0.003019218941671479	0.00033335823144847054	-0.007705710184744834	-0.0017789320715282063	0.0009616170289485017	-8.979862024260894e-05	-0.001746181641417774	0.00017673922013173904	0.003133245048194028	-0.0005068317758706646	1.0389859054332225e-05	0.0021070643503717716	-0.00018029547888477214	-7.743276392657875e-05	0.0009692842069672968	-0.0008976879704409731	0.0016033572054864123	0.0032153952741091063	-0.0007478535028380221	-0.01105614878581049	8.443574085657596e-05	0.00020544131535762624	-0.006804439833579214	-0.0005392452939630207	-0.0007206258517456189	-0.001616055326896325	-0.007310836009288419	-4.980284595369013e-06	0.0014897518639554125	0.009132256234156226	-0.0009946917191745528	0.0006553808487246724	8.416776702851665e-05	-0.0182916116394924	0.00018391922187146922	0.0005106296271797603	-0.022271822738478456	-0.000745270557471582
SYN_CASE_53	SYN_CASE_53	-0.0026049029048114	0.00035852780568231544	0.002560766295130678	0.0008765846377048878	0.003997555226203514	-0.0017271181932275112	0.0002346533554867947	0.004947679085585577	-4.81133562172753e-05	-0.014518246347950282	-0.002121636207236228	0.001895388764494123	0.0021980789531406107	-0.003825220481954926	-0.002022660905472262	0.004555907337477949	-0.0004519445633435902	-0.0009237274596224633	0.0022638383600084152	0.000111178434931277	-0.0006109091326827191	0.0006855843593719515	0.000753564536991676	0.001014281641482009	0.000519362338828529	-0.00047821566717718594	-0.01249657182555623	0.00021497847701060373	-0.003789841728405417	-0.003148994893749663	-0.0005116481945380486	-0.0003537497396701631	-0.0011665845200378095	-0.005506806577651053	0.00010829574608803568	0.0014201588550026912	0.006070912246986641	-6.605277332468604e-05	0.0006012171718595405	-0.00026517798349175447	-0.017268670571506432	-0.0007542968413954745	0.0007983632863014285	-0.037142183524421425	-0.0009245445990402315
SYN_CASE_54	SYN_CASE_54	-0.0034982794551866353	0.0018751776878329907	0.006415390545156063	-0.001044643714081414	0.0056180150543424555	-0.00039891535685460496	0.00018707945310909426	0.00480033921467365	2.1692071896888638e-05	-0.012027989148344874	-0.0027946368989469313	0.00015356834545593044	0.0013692381301498957	-0.0007170629381764632	-0.0023000502010723798	0.0010330532079127275	-0.00012251867342307897	-0.0009362712255315763	0.002309971497115938	-0.0003920161709908168	-0.0002500948997855431	0.0014643153657398916	-0.0016799985319541563	0.0006376132410585124	-0.0022089068048947043	0.0002152904014219725	-0.011008441720651843	6.313495865799974e-05	-0.003466642710445173	-0.007980768552301119	-0.0006735217452547074	-0.0005205753070687991	-0.0007372189218683909	-0.0034646743346314077	-0.00010479286553327952	-0.0008430060777328949	-0.00352495803014136	-0.0009898765484060636	0.0003729588568184171	-0.00038335821467934487	0.0012142530553366261	0.0001795919885627048	0.000488009696426366	-0.04430100683933801	-0.0008940500612240759
SYN_CASE_55	SYN_CASE_55	-0.003745114691772111	-0.0007157056062001001	0.006198513946791956	0.00159613948974831	0.004550146083330121	-0.0030180856659519297	0.0001843352427046952	0.0028380735376430898	6.54339727575079e-05	-0.012007948222468324	-0.0018833825456435332	0.001503300253018657	0.0018781449618890747	-0.004500206780050329	-0.0021811305800709994	0.0035778929020877422	-0.0005523181961295615	-0.0003542705696425061	0.0012816215789003668	-0.002536452132206643	-3.133063266531277e-05	0.0016019060581086413	0.0014553195424387615	0.0041827095657311734	0.002084388597653793	-0.0005008634121192599	-0.008978222966103505	0.0003194397622237875	-0.0030203689566041833	-0.0008609603999934556	-0.0004133427759370455	-0.0005123316365089599	-0.0015638517252384839	-0.004441681187091185	0.0001038851852982576	-0.001659749392093093	-0.001324877843192425	0.0002511075218689819	0.00039547725335043366	0.00010846506126172444	0.0007582146789469316	0.0005432445226401699	0.00042210414944417006	-0.03019295327431558	-0.001405379374931262
SYN_CASE_56	SYN_CASE_56	-0.004150588803936888	-0.002142699938748732	0.006543841016133676	0.0002411511883625496	0.0033184136958717236	-0.0026849047394563374	-8.229725263116536e-05	0.01037197746393269	0.0007065440612338654	-0.010551223678649541	-0.002468129770869713	0.0012909057568379124	0.0033237820768878185	-0.00178347118269956	-0.0007679574226458204	0.0013239293005075838	0.0001617956558378218	-0.0010337273178118117	0.0016618025308827564	-0.002369312946652208	-0.000316768586610919	0.0016012537857113584	-0.0013302322562778984	-0.0003025507488929361	-0.0005612849694423346	-0.0008053058833084761	-0.007404909864298544	-2.2792094316608334e-05	-0.0017427426284578641	-0.0011673926081396135	-0.0007008217674095256	-0.0004900476249945603	-0.0015187712215006975	-0.003044453227912407	-3.149993438724329e-05	-0.0004635508230426771	-0.002963279571576734	-0.000976577233352262	0.0008995822652281329	-4.532686690647582e-05	-0.0017328441016596747	0.00014610650966141655	0.00029643976692809884	-0.0323596336770333	-0.002296751599435206
SYN_CASE_57	SYN_CASE_57	-0.003407239244438452	-0.0037811066257180024	0.0034648273062625502	0.0010148390682854706	0.007272412125643183	-0.002312870105624527	0.00019953452968121509	0.010807412467527934	0.0016178953197953409	-0.011801041068789972	-0.0029002204269057176	-0.0016391953511238225	0.0013229255961254179	-0.004965339587656179	-0.000903590710353513	0.0021374181823874752	-0.0001646573608644761	0.004377717429451031	0.0015469357970520359	-0.0006715096709512527	-0.0007853775822735406	0.0009738078170166397	0.0007524578128118171	0.001873178954337111	0.00044883750270277264	-0.00013653513833334182	-0.0116149876868199	0.0005279679107195782	-0.0035007297887447563	-0.005724748184569223	-0.00041122803519928075	-0.0005663817961723351	-0.001044875091987929	-0.000879195296168058	4.216414271424604e-06	0.004027896625074735	0.004060221189712904	1.8510572155409382e-05	0.00037572387855509104	-0.0004064483158922411	-0.019501541669222997	0.00046200284123135995	0.00030576471158135345	-0.005906736768107831	-0.0012017557678934384
SYN_CASE_58	SYN_CASE_58	-0.004371795299620584	-0.0011036716855492418	0.004496064424396484	-2.1256362046019833e-05	0.004906954608101621	-0.0005891516462635394	0.00011947118469596785	0.007279320480380212	-5.845081755448877e-05	-0.012608267432450467	-0.0018782673733413642	0.0010444653634865781	0.002129821172757561	-0.0019885647588710614	-0.00034338373513238753	0.0019742709580667524	-0.0007126621533226178	-0.0018460247856415823	0.0018917844567201533	-0.0017954921840317327	-0.00017208848682555573	0.001826123201607929	-0.00025610906717839915	0.001739959852124869	-0.001796357486346819	-0.001031981501155399	-0.00451525150381352	2.878777108926543e-05	-0.001638569135765142	-0.014328226418162527	-0.0005932308921680456	-0.0005009997288919887	-0.001136282405098959	-0.005197889384227568	0.00035551349892853624	-8.785317777158656e-05	0.008187066246884592	-4.8583364230138406e-05	0.0006070494762152449	-0.000361661044325986	0.001869326955397313	0.00014975361024599962	0.00044161406563469446	-0.03157422302194496	-0.000673387887513272
SYN_CASE_59	SYN_CASE_59	-0.003180843230403581	-0.0007483144247675323	0.005206902948077003	-0.00012013717465876024	0.0031684725619596744	-0.002845312703870475	0.0003353214170459075	0.012942444432741415	-0.00026298108902252657	-0.011198342615042298	-0.002585006595679773	0.0008599348302772693	0.0013648017295003092	-0.0028985138479947856	-0.0011664482396502337	0.0014045994184922568	-0.00013026132178191294	-0.000322415507427757	0.0014545698874733244	0.000345689951616578	-0.00041214111839440527	0.0007847189917436942	-0.00017068122762717056	0.0007790354700932406	0.0030496739386419876	-0.0012276377673054314	-0.012538732220051522	0.0003729275694823625	-0.0032256347746932087	0.0032308319429152563	-0.000552202920463641	-0.0005177152630210363	-0.0011548616399774325	-0.006265318634610562	-0.00018515228721088968	2.160567730575601e-05	0.0009947272906436003	-0.0001011211474367129	0.0006131458082282923	0.00012304891657559798	-0.0173467666825949	-0.0005212477831966634	0.0007246290811517549	-0.04269424934443741	-0.002216623884667339
SYN_CASE_60	SYN_CASE_60	-0.002980424447282589	0.001973383319716226	0.004517638573738744	0.0004019980425396529	0.003090717181176802	-0.0029257865582983746	0.0001851185403269903	0.008711247199371636	0.0030569062970141033	-0.01290551688676909	-0.0025090526657126264	0.0010352182990382892	0.0027685258604643126	-0.0027509685409661307	-0.003504284788291163	0.003573752602473779	5.511446915649581e-05	-0.0005958706020092086	0.00196320098382623	-0.0007052303671503951	-5.683468089653492e-05	0.0009760105234569002	0.00029722878959056293	0.0009910906010069393	0.0017007960616113025	-0.0011326454242788942	-0.012618990773416706	0.0001525142780570402	-0.006775731288565965	-0.009633274780057724	-0.0006256566088172404	-0.0004008230299254056	-0.0020102107396868787	0.0017677518820455374	-3.9624803380140135e-05	0.002053267409155818	0.000711053168169626	-0.0011837473702005301	0.0006237243562554619	-0.00018132546085790786	0.0026471512057181113	-0.0006353438527245204	0.0006047370739189986	-0.045425838475771606	-0.0010175939286273976
SYN_CASE_61	SYN_CASE_61	-0.0029800609883971416	0.001590966718018498	0.004311119899547576	4.286647942730324e-05	0.0049076669658545055	-0.0015104814548416439	0.00013803714500395105	0.012776090222560228	-4.175479507284265e-06	-0.010538992923696033	-0.003090118025602705	0.0009723517092478165	0.002605188913906425	-0.0007388805183494379	-0.001626474856461342	0.004010639886289635	0.0005425530430096992	-0.0010402277731955223	0.0025060393103829327	-0.0002889486057202239	-0.001317752815755615	0.0018127473994199034	5.399116144758697e-05	0.0013096052284606433	0.0031700911499229507	-0.0010961988998063948	-0.013369624155385696	0.00017144276846764822	-0.0025278084113233446	-0.0007790147197441303	-0.00042266538832524145	-0.0003528193306258864	-0.0010990267869307596	0.0015311428840565538	0.00019781147754233415	0.0006314702548269118	-0.0017166390586713794	-0.0017020533870630353	0.0003807919820984883	-0.00036320590743425964	-0.0005626923820020845	-0.0004133250524978934	0.0004571304987955954	-0.04400458419407672	-0.0018307745290598594
SYN_CASE_62	SYN_CASE_62	-0.002002123324117395	0.0031967910593528387	0.005029387804304634	-0.000534567687347223	0.0050863547519653714	0.0005498132011983329	0.00016727850656488073	0.009294817563871115	0.0015237958172704211	-0.012453813977002265	-0.0032686448566785742	0.001597856236844384	0.001332903516553153	-0.001308590377039897	-0.0003083041370418728	0.0022872342294652536	0.00038041891493517774	-0.0007547062959803291	0.0019807355812566227	-0.00048448660661509573	-0.00018114375336844845	0.00023153144312266396	0.00031931640169788827	0.001410070587605867	-6.141844649909707e-05	-0.0007082777091716101	-0.005740674200881286	0.0003555694574906507	-0.003411814140002704	-0.007976675798458482	-0.00045076791864393564	-0.0005659912627659503	-0.0016219837764157672	0.0011118428607525077	2.7919858973982575e-05	-0.0014522206451010437	0.005080785166749619	-0.001855215092252334	0.0006582302858737812	-0.0005513548860991492	-0.015752040483460964	0.00011886154432626749	0.0003889999227873779	-0.043922641349547424	-0.0011230757474561934
SYN_CASE_63	SYN_CASE_63	-0.003551101880982951	0.001506564093976136	0.004582320706836914	0.0008311776657656027	0.0023565996648298873	-0.0044933051843262265	0.00019618480761883692	0.013467675835174683	-0.00015530188407538988	-0.011336020392002686	-0.0031771308787439906	0.001441532764262952	0.0018828545209062383	-0.003731395621530619	-0.0021686923200777562	0.004008012657263986	-3.9161419446731796e-05	0.00010686466670070063	0.002534675039015158	0.00036086839473888993	0.0002895775498581974	0.0005890636702062011	-0.0013579405757221412	0.0003271426272125243	0.0016468604631975467	-0.0008470411087090488	-0.0116363646768603	0.0002104864954535381	-0.004869561989307449	-0.0020102477449831973	-0.0008022320613540114	-0.0005817731013021242	-0.001803645921013274	-0.002491102129775096	-0.000156870352009914	0.0007282271037488807	0.000257198771341436	0.0001894469309188371	0.0006343130111403151	-0.0004248741302920475	-0.0006723410945004573	0.00025374209368285693	0.00018606493156236674	-0.03285782706191047	-0.002635263766132105
SYN_CASE_64	SYN_CASE_64	-0.0033511126752531982	0.00042957856949284975	0.0062824354533246125	-0.0008011733876247118	0.00247080681316558	-0.0016642898344406225	0.0004638997835363964	0.005447383133681498	0.001416159860315766	-0.010686425946009654	-0.002161017530567141	0.0009937138640581191	0.002773189380792581	-0.003034975439983663	-0.00015829321967520928	0.0004057823008717543	-0.0003133857064415036	0.0018396674088608544	0.002481057405296108	0.00041130837564051336	-0.00018067714160666505	0.0016500853202499309	-0.0005255668219910821	0.0015628397421709823	0.0006083706367762797	-0.0009922035794592036	-0.013341709051327977	0.00021476373376833486	-0.0023012444064379666	-0.0007458774950407736	-0.00044111792428846167	-0.0004845599205019658	-0.0007710926871122254	-0.0006131167246158227	8.163660865860833e-05	7.621578841131182e-05	0.002311663847709551	0.00019112728309288407	0.00028944877331801475	-8.923867560724566e-05	0.0008290385027464396	-0.00024106196192379595	0.0010405981663339785	-0.03032664917436593	0.0005563731280793151
SYN_CASE_65	SYN_CASE_65	-0.00336874376698153	-0.0041153941390652616	0.007230022996189885	-0.0002389742111979409	0.00479455498127632	-0.0004047392180554241	0.00022469273860204248	0.008169513189555961	0.0012838285968782542	-0.006648268543234526	-0.0020693670083226762	-0.00021373447283749148	0.002536187188894285	-0.0029904047444343283	-0.0011571170412737427	0.001721470885345883	3.914956011294867e-05	0.0014260853718793	0.0016799344989904062	-0.0006214743532199485	-0.0008100537584942074	0.0013503418010211421	-0.0002819087603369596	0.001433044391844616	-0.0015132207523341548	-0.0011731891535872948	-0.011352761176931863	0.00020941169119220666	0.0008362651436909748	-0.00495936115734401	-0.0005346114757003244	-0.0005343561407913493	-0.0009878492056752605	-0.003816975793859475	0.00017656811065485075	-0.00035099554997532147	0.004753235368117246	-0.001131068611681123	0.0006899697873927839	-0.00019770164494714964	0.0016334656560123943	0.00027056283847595746	0.0009399961437989418	-0.038829739133053716	-0.001675232776591902
SYN_CASE_66	SYN_CASE_66	-0.0019082972726189612	-0.0016923176278553752	0.005143767311870735	0.0003857083068620491	0.0054878340149682224	-0.002258768192396223	0.00014265999681995934	0.004348047596548727	-0.000387009155861764	-0.011962064812273764	-0.0021945845464006746	0.0007600064224848709	0.0027477556975433444	-0.00587409815716216	-0.0020011504050498497	0.004371905155575235	-0.00044807532546547617	8.433086106122552e-05	0.001685924945318502	-0.001347807072975717	-7.30935412756056e-05	0.000539155530316734	-0.0008126577206252956	0.0006241376732335453	0.0047096054664359345	-0.0007759583582355293	-0.006872296200383275	0.0005162400601108012	-0.0025668438107433545	-0.008060607326809285	-0.0008769267497681639	-0.0005386439812162294	-0.0005286167234749954	-0.0059601887991410675	-0.000202930484554049	-0.0004971008480282029	-0.005120170358401275	-0.002731325503990974	0.000592279362315653	-6.408074549285494e-05	-0.015410551608883076	0.00012410964688458161	0.0004924175954436384	-0.006957306867429464	-0.0026562761374405446
SYN_CASE_67	SYN_CASE_67	-0.003434436427177249	0.0015143974006761951	0.006472572405037381	0.0010365198928734326	0.005501670343765251	0.0020054520705709254	5.0229367173455746e-05	0.009161961620239956	0.0015345536204323508	-0.007141590559830453	-0.0029066640503093133	0.002031022907604143	0.00153235909905723	-0.0013962782349559544	-0.00042330037110750013	0.005841261164459871	-0.0007700256470371645	-0.0007723905716525662	0.002259535524705078	-0.001113608790305274	0.00011080703411798971	0.0016324307426813609	0.0008700343020600067	0.0010177104412119804	0.0032515067323271225	-0.0009869794882393468	-0.015098429137263678	-0.0002180627657571299	-0.0022185363110092562	-0.005711594046460143	-0.00029653664720216666	-0.0004243118924240232	-0.0014315754381643887	-3.23352842711186e-05	0.00023000085345672742	4.831303399489155e-05	0.003832943664187711	-0.0004585845225719222	0.0006475858409239808	-0.00012004679649718857	-0.014041549867064067	0.00030740672550411515	0.0005139839034124003	-0.010615967085221369	-0.0001706704705069412
SYN_CASE_68	SYN_CASE_68	-0.003909206589165852	-0.0022321890049220353	0.003818085170290809	-0.0002437762577383519	0.004529134791137429	0.00017970805411949095	-1.3708048249416455e-05	0.010044840925950088	0.0016023652967400294	-0.0105298665800604	-0.003707955817108361	0.00041457667664583897	0.0011647130914839569	-0.005565895541601024	-0.0027976094492863884	0.002973684245556823	-0.00047713064242659974	0.0002634102167787812	0.001551263959504815	0.00036499356038449004	-0.000171099566295132	0.001569625242306592	-0.0005316172580663966	0.001105103347946167	-0.00043478925903350107	-0.00034330620576661646	-0.013718204192152987	0.00016969588079677762	-0.0006072067141751887	-0.0029079663346123883	-0.000640444274496521	-0.00048341022546435447	-0.0009611917042058547	-0.00012413116161408988	-0.0003085179527410182	-0.0004284859819555385	-0.0006156745371444195	-0.0005098681179708394	0.00043319242435186153	-3.209028810526577e-05	-0.016631304375868447	-0.0006482124760554	0.0005235517120192436	-0.033272545400592414	-0.0012429430529535112
SYN_CASE_69	SYN_CASE_69	-0.002646321763610975	0.00047923621730315823	0.006913011767856749	-0.0008009760719034	0.0018621199672600407	-0.0009467948572294631	0.00019151181119484898	0.008649734743707881	0.000893693836365098	-0.009264420060433225	-0.0026717499612159946	0.0011080280222199963	0.0025610008065105883	0.0010000745657828079	-0.0015994621736235418	0.0027056638383536782	-0.00031570582723815623	0.0020099119028669002	0.001592567925860192	-0.00022823390906539576	-0.00025471772029191607	0.0016628756073081088	-0.0016375128286268545	0.00026886733313764377	0.0026343859181402855	-0.001113054919313789	-0.0071880876815537615	0.00012989149870100444	-0.0022391657656806777	-0.003987183728528184	-0.0006238145115576108	-0.0006053188615804508	-0.0016696496959298151	-0.0013247181378969795	0.00011963017701840172	0.0010555536037539176	0.0020501625930720124	-0.0008354003604600271	0.0009611967625200672	-0.00047515931511682874	-0.01781744751321676	0.0002243135397739243	0.0004876928522348332	-0.012735994246276576	-0.0020625197436879815
SYN_CASE_70	SYN_CASE_70	-0.0018101142365099308	0.0008682672017949689	0.005416383272946079	0.002001900126178526	0.0044295251068883264	0.00041062822170508036	2.2387072612419476e-06	0.008884543930297478	0.0013981008873885333	-0.00825228582926859	-0.00293053774786301	0.0024443906419523197	0.003257117910649387	-0.00366868108047698	-0.006190340116125997	0.004007452350607649	-0.00036880951732606816	0.0005156462522015534	0.0022599321217595877	0.0004652592323829874	-0.0001378716200491512	0.0018184015537015964	-0.0010018046590879485	0.0018163063415211258	-0.0014624503047258853	-0.0006822995931811591	-0.0031458751677485453	-2.5670198680651687e-05	-0.001283777668915314	-0.007493937004839008	-0.0006751019208347542	-0.0004479858543800091	-0.0018264932770903695	-0.0019371720964070733	-5.715792145575381e-05	0.00154757314486666	-0.000747408566295726	-0.0004567327722813585	0.00041476048664714215	-0.0002751340287898562	0.0014878851833274994	0.0002890604919273009	0.0005994252403808083	-0.022061628179232254	7.341474783785581e-05
SYN_CASE_71	SYN_CASE_71	-0.003277175127623145	3.788971876785401e-06	0.0043049386642000295	-0.0006493731743799413	0.0042976037999309285	0.0021056226557807497	0.00035740834342391217	0.008424685148828133	-8.489360867290834e-05	-0.008767759940738513	-0.0020657199487221895	0.00038464478440297846	0.002623762220302639	-0.00239788586735882	-0.0011082443565606183	0.0005251756896403854	-9.28009222243647e-05	-0.0009738765778005723	0.002439347410202264	5.1819252168963106e-05	-0.0002737923001653461	0.0014292262041025652	-0.00025327525415247507	0.0018928887983459613	0.0012305318595182975	-0.0003996096060125847	-0.011467961062564997	0.00021513604765478064	-0.0008211675443374996	-0.007678957954336508	-0.0006726813758167984	-0.0003953995208516581	-0.0020537315920128255	0.001447159810206369	-0.0001157124290256205	0.00016719266574827612	0.0006324154989455674	-0.002522961082652116	0.0006667871013946805	-0.0001568650086052775	-0.015418130838855727	0.00011366188353319689	0.00041894405846954434	-0.029216757741549297	-0.0013935093727694876
SYN_CASE_72	SYN_CASE_72	-0.0031740234410881645	0.0018709500864438843	0.003168651624914434	-3.565046853410607e-05	0.0030545547532273894	-0.0011226766976930047	0.00032446229112620184	0.015073852345297994	0.0033876193231655288	-0.012503145908202475	-0.002943604451245476	0.0014062493507727768	0.0023691625712133155	-0.003542571343615172	8.703609639241564e-05	0.004201292486152101	-1.6846448150519442e-05	0.0011184059973925913	0.0021175710926072764	-0.0006761887658120573	-0.000156882716000716	0.0020808135729923475	-0.0001812914739868523	0.0010729266856451772	0.0011467938271272175	-0.0007914019551069066	-0.013165820930391725	0.0003334825270917783	-0.0027108345603733216	-0.0022212409094517936	-0.0007999376425203553	-0.0006371469843687016	-0.0017822852108715548	-0.00022451775544727248	-0.00046994322021690955	-0.0004341575566439896	0.006692598019286065	-0.00011331591193577143	0.0009523664334874571	-0.0002733587742463964	0.0039047993116034787	0.00031909748104626756	0.00033094834559574887	-0.04257702166847841	-0.0013048426924623369
SYN_CASE_73	SYN_CASE_73	-0.0033144358371907556	9.429644059169101e-05	0.005162005270386946	-0.0009842146583040395	0.005288854846405097	-0.0021280634490296814	0.00010824707091034557	0.014425202946724015	0.0014161671440357942	-0.014264549319866449	-0.0029046319646299857	0.0010027577092956552	0.002880708963953201	-0.00141114210970995	-0.0018195949510973377	0.0010158933753460163	2.5336846059135338e-05	-0.0007871588268666822	0.0021984903481383085	-0.0008164275486158151	-1.3438718753982288e-05	0.0021737501411567407	-0.002080063263035486	-0.0007646338466438947	0.00013284283059325714	-0.000743876968726713	-0.005650230212966582	7.895886247043887e-05	-0.0034052215088064986	0.002678091665802069	-0.000661767491246194	-0.00045165472063729225	-0.0008413739986752284	0.0007481317750739729	-0.00018957076800309581	0.0008437827445704097	0.003885744143048942	0.0005534469382555357	0.0006631283088846494	-0.0002713039429676962	0.0006225713014977439	0.0002998630286726326	0.00037357853149550874	-0.03340708692047045	-0.002034050601848648
SYN_CASE_74	SYN_CASE_74	-0.002393181611651475	-0.0012721097155788518	0.005022383112482592	0.0008152962329986314	0.00496769833066652	0.0015302664277519452	0.0001796036723288312	0.011782514527095281	-0.00019012598957588063	-0.010094834742772056	-0.0022822860432586806	0.001488943500658704	0.0007942212204924807	-0.0027078674684203603	-0.004996323369503763	0.0021124482904643885	-0.0006347469471165446	0.0017127703527466942	0.002624832910282697	-0.0021251310589762797	0.0002558598995905755	0.0007431295842155281	-0.0005979675032172165	0.0008113384813433174	0.0018483574325784402	-0.0006013298890224229	-0.010715074898955276	0.0003891261268689662	0.0018712269867663582	-0.0018292895131650348	-0.0006395709766869146	-0.0005364690995107696	-0.000600788120154841	-0.002680845554703377	-5.100459342899558e-05	-4.161517840066773e-05	5.897170461827895e-05	-0.00032048665462660117	0.000431402861233802	-0.00012629092748061977	0.0014435368240044363	0.0002593207897854982	0.0008872252890203764	-0.038734126137346954	-0.0005127896857900872
SYN_CASE_75	SYN_CASE_75	-0.0037155635118686888	-0.0017674301916040837	0.004846329996343298	0.0007218772897134853	0.003211883772027565	-0.0024106723341923426	0.0002483098914805198	0.014274010198931581	-0.0005477305336915701	-0.011914118147516372	-0.00244268051568992	0.0011479991721429865	0.003908079911899549	-0.0020780453878418395	-0.000528381376232346	0.0030263658859170334	-0.00014031347218062954	4.2278650819218956e-05	0.0020759787819021806	-0.0006266854335817983	5.4879719620169404e-05	0.0017647088589826906	-0.0006839518697344133	0.0019568460773853598	-0.00036478801735498464	-0.0010877380025650673	-0.010609701129676111	0.0002547568704332672	-0.0006807181776333768	-0.005382244293848312	-0.0005868816418384157	-0.0006759764282302151	-0.001449474968146182	-0.0033931074767070907	0.00041756892810066354	0.0008097822203658818	0.00275545936649819	-3.681354770792398e-05	0.0008291741212222608	-0.00046396479846285625	-0.00025609368954887594	-0.0007605534055447761	0.00029426881883647755	-0.03244093026919049	-0.00012276682527372404
SYN_CASE_76	SYN_CASE_76	-0.0035200207850257918	-1.5170755694891055e-05	0.005649929348767693	0.00036710500646380367	0.0029086696617005273	-0.0015018530094737445	-3.946306031314754e-05	0.013113908432182804	0.0009522183567064551	-0.007757493402776276	-0.0025942835685263664	0.0011444981365904472	0.0020108871497154027	-0.001576345223402007	-0.00037390116954194336	0.0022376378646041814	0.00020391223945329627	-0.0004053777560513624	0.0018275283017764048	-4.7767624445742366e-05	-0.0002224477501050245	0.0010134111887593635	-0.0007738637839184888	0.0014719080127140872	0.007976024548653602	-0.0013847592713792396	-0.014675248613990048	0.00017802985935470533	-0.00121194317603973	-0.008559869134198783	-0.0006496811913232144	-0.0004960581895688126	-0.0010632696647072412	-0.006817008307956231	-0.00013096115418859667	0.0024182323194320513	-0.0013347817418053179	-0.000339517930168794	0.000654814809352645	-0.0002671873962539047	-0.0001745999359486144	0.00013445489707848034	0.001068345753605519	-0.022305368023665787	-0.0025296576632691365
SYN_CASE_77	SYN_CASE_77	-0.00242116827684073	-0.0037031231329480102	0.006082108164343796	0.0009841309647153308	0.003463086875381655	-0.001487676738144571	0.00012334671813774454	0.0072682999502714455	-8.615469548175434e-05	-0.008282657592761247	-0.0024975362410091634	0.0020545643868662635	0.0036409536512106338	-0.00018805736843341707	-0.0020139111526265123	0.003075201511925497	1.968217695810639e-05	0.0020531780950695405	0.0019348529836546266	0.00010831055777533471	-0.00028145712225030714	0.0007848870105725995	-0.0013816901206575767	-0.000989740615228761	-0.0004437734744591936	-0.0009784912779459154	-0.007762363411423547	0.0002981072800416596	-0.004059492784892308	-0.0026396308791334045	-0.00036144494487167563	-0.0004975158508506135	-0.0010197318853227178	-0.0037752054489326252	2.3586431213457547e-05	-0.000184165541498183	0.002439330536374177	-0.0006847225310255661	0.0007975881720472827	-4.2985804607182336e-05	-0.0016314097671052833	0.00042200811545053897	0.00035415349194853856	-0.032702799582522944	-0.0012971614205124723
SYN_CASE_78	SYN_CASE_78	-0.0027480405912808114	-0.0030087467517401446	0.005676431828056748	-0.00018072932915458263	0.005246958017113023	-0.0009185842979611203	0.00046950204664032025	0.010122684147605879	0.0033636446802633195	-0.008205604377336374	-0.0031099839516950073	0.001188406798087906	0.001336076894536324	-0.0010058319745833	-0.0009790346625527116	0.002108340400352474	-0.0002911530064601693	-0.0022024672113615763	0.0018692466368352744	1.4261317882792728e-05	0.00022028511611185317	0.0013363242006776703	-0.001828430060229149	0.00033145874136707333	-0.0025943682185465408	-0.0007350396425117913	-0.012128588382372005	9.783768095597872e-05	0.00015978570246661587	-0.008870985712530593	-0.0004815124878256798	-0.0005489512954833192	-0.0011791911838949709	0.00502537245416797	0.00011899892731284578	0.000688580991028524	-0.004062075196010935	0.00035303753183772794	0.0004824346053280632	-0.0002830403791271483	0.0011328982712821766	0.00012847940122941918	0.0005776855907856227	-0.031218937483866904	-0.0006237208592782891
SYN_CASE_79	SYN_CASE_79	-0.0014613189551500923	0.0007601625949849655	0.004881666851335027	-0.00037270317763674814	0.0026927918431629695	-0.0015494586368200126	0.00025751802978881723	0.012530284910700785	-0.0004939213838709337	-0.008381994858218592	-0.0027203869875819116	0.0012078923180438659	0.0021757821673865007	-0.0037238084147597997	-0.0011537700253034244	0.0039529268465092245	-0.00039309176750762075	0.0012081395437718559	0.002131598161503416	0.0002812045566304239	-0.0013117645394582927	0.0016429486366242715	0.00010933620071330649	0.001699519997134309	0.001483639680405243	-0.0010470429363800384	-0.007253025047387042	0.00011724953450915741	0.004868101693421931	-0.01049763166758267	-0.0008748657595389397	-0.0004972001545924816	-0.000946118969629158	-0.0021749499856887557	-0.0002895464027973976	0.0010083443797008226	0.0077989499882998164	2.6316767908876925e-05	0.0005380799782907049	-0.0002627473276710058	-0.0011877961049204376	0.00045416161217300637	-1.9296911613984735e-05	-0.006015681009961187	-0.0019583017807054187
SYN_CASE_80	SYN_CASE_80	-0.003905369044534638	0.0005425612289582161	0.0029040538227439253	-0.0006248546631941724	0.0033367991708058934	5.4557151051566586e-05	-6.060566417500503e-05	0.010313556487109733	0.0013740622962656838	-0.013599976186198707	-0.0034202879522766748	0.0019510774087112904	0.002236126570931439	-0.0010613677327170115	0.0004069880716726385	0.0007873944217158624	-0.000470110653740219	-0.0011093640024475726	0.002128573425014336	-0.0015933364329063354	-0.0005010602839896831	0.0018570817539150068	0.0004346067125451152	0.002290170058247958	0.0003096812114202907	-0.0007003370304781264	-0.008628509214535627	1.9077448487251392e-05	-0.0012594476023357222	-0.0066813507854528885	-0.00045007218660618047	-0.0007024537665315874	-0.001203070231902515	0.0010094000859893165	-0.0003763512101968938	-0.0021397784638481744	-0.0005627609985917351	-0.0010998090946662113	0.0007495306746283339	-8.112214262758562e-05	0.0015621799632055532	0.0004064625548972376	0.0006861374977423451	-0.023699471551124607	-0.001253913638990724
SYN_CASE_81	SYN_CASE_81	-0.00440177125556695	-0.0032914054559834037	0.0037111768250098006	0.0012285909186783724	0.006584457804344171	0.0012819469179771493	0.00019267824806010726	0.017473786002168798	0.00028747741757933695	-0.00976907884270517	-0.002658774792939227	0.0008452094022448707	0.0010954305817105978	-0.001127063972933897	-0.0052152643846521485	0.000615810194170335	-0.00032552944656901773	0.0013124519384307308	0.0017700025722103704	0.0006586874044561017	-1.8360044641921907e-05	0.0010604550271019976	0.0005899961199692357	0.003148001164734417	0.0061376605527240615	-0.0003717808727968716	-0.009277860910967935	0.00018588994058938528	-0.0022245356356747122	-0.005381671898035129	-0.0006787564853296916	-0.0007968830991122187	-0.0008221776057127368	0.0018019143601375471	8.74998106266177e-05	-0.00025150964972725097	0.006046716861816056	0.00018806897939434395	0.0005886021585735114	-4.273544634523839e-05	-0.018134552398874425	-0.0005792718714552784	0.0005499284897210908	-0.048711847262428554	-0.0010659812801319373
SYN_CASE_82	SYN_CASE_82	-0.0030377596488200733	1.4363946106933396e-05	0.004029999301030606	-0.00011171792912076996	0.0008496525974729595	6.324831978013982e-05	0.0003419179397613429	0.013817767000738041	0.00017362593702014976	-0.011187459107154773	-0.002928423264013397	0.0019092089737559772	0.00043452023050819536	-0.005215206616830188	-0.0014725392815470803	0.002085728738849269	0.00019464889409048094	0.00035331944830467685	0.0018643011412456114	0.0005702958655713903	-0.0009093860871319429	0.0005147544288939096	-0.0006527597925196245	0.0009446017899825544	0.005051649726036254	-0.0010177244989902565	-0.007457660591863428	0.00019964249273444302	-0.0018333941314061584	-0.003318890862171434	-0.0005306571122960983	-0.0006857664018099639	-0.0016887399990776805	-0.000925823245840188	-0.0001802636116116064	0.0001992816845631756	0.004363334826900067	0.0009790586474197247	0.0007687395250385381	9.076591329016173e-05	-0.0009801960590023	0.0005523229086219755	0.0006206070912332407	0.0033296169400021695	-0.0008875419338648547
SYN_CASE_83	SYN_CASE_83	-0.0034196365480077835	-0.0009458015988741289	0.0028791795373846463	0.00016040963061754113	0.006201784469531183	0.0004866660088613356	0.0001128116522481221	0.008569629819047873	-0.0006269941933328999	-0.01617967617675099	-0.0027663674305197228	2.9151505987255803e-05	0.0028769349113605272	-0.0006361761087195536	9.473653047720018e-05	0.0035429032653749373	-0.0005473579807945921	0.0027480734994130463	0.0022764686226172965	-0.0023057373404892865	0.0002310375743011065	0.0007439138787108244	-0.0005760873348891459	0.0011201451326737291	-0.0007328587206795259	-0.000750261151671897	-0.009395565657732176	0.0002685242480321435	0.00028747265611371483	-0.006510818243728546	-0.0005157140899382909	-0.0004277477650981242	-0.0015872473468664151	-0.0012038623396919356	-0.00029461305070480103	-0.0006895690778438886	0.002192306637634502	0.0008117462676352539	0.0005481704765546237	-0.0002262272312797712	-7.44598252656873e-05	-8.855879866062231e-05	0.00044476457710442235	-0.03694645853355526	-0.0011160796278445694
SYN_CASE_84	SYN_CASE_84	-0.0010356050309481446	-0.0030725168871345424	0.006317579104596801	-0.00014588677898145033	0.007411125193572363	-0.00041029446513430446	0.00024881018940015205	0.005321917054456224	-0.00039785783758297926	-0.009011723460184326	-0.002900462320357236	0.0007687179721693976	0.0021386689279734267	-0.002997332895564168	-0.0009794890138504534	0.0022277708893220895	0.00039727370956189455	-0.001337705736894192	0.001865028357697573	-0.0017202272981246037	-3.170494827923295e-05	0.0011102207628094745	-0.0012391097327326928	0.0017234016297114714	-7.488111903933365e-05	-0.0011138520233664466	-0.008874664394290993	0.00016460891330332097	-0.0007416529789314797	-0.005790345903648515	-0.000703351272085944	-0.0006257127783449055	-0.0015822716708728893	-0.0027966618695473323	0.00017418560070888063	-0.00018866923310323502	0.00019457112264022262	-7.342068949880686e-05	0.0005649079854120507	-0.00033569632803911244	-0.016716482381951663	0.00030945268334943427	0.0006239308425325869	-0.03349585624285723	-0.001788760667606748
SYN_CASE_85	SYN_CASE_85	-0.0037467077393117617	0.0002120791126734683	0.005470951949010462	0.0005654529379426519	0.004226562814586605	0.001619400740284145	-5.258740937594538e-05	0.010407697500310394	-0.00018985564819461466	-0.012172347778870673	-0.002167835568658513	0.0003769136854267495	0.0013715958667033493	-0.0015485986621459518	-0.0028360706121301205	0.003088585741419029	0.00025563680490996285	7.02167781043949e-05	0.0015811364122461154	-0.0007705297234082277	-0.0007754078028110719	0.0015038926778706487	0.0010893205656149056	0.002601900052034303	0.00041626560021885116	-0.0006284788570204443	-0.012932287658055534	8.252016359417421e-05	-0.00036158424015854667	-0.008926112643086676	-0.0006673832928906715	-0.00044014402587849694	-0.0014424392078341507	-0.0012605892644748243	0.00015169006755964365	0.0013056062749962803	0.0015460315780823795	-0.0016107538659923422	0.00042431638494465297	-2.973609195239319e-05	-0.01708142211828283	0.00021238734817737425	0.0008177180951618807	-0.032457986218432204	-0.001935710273300182
SYN_CASE_86	SYN_CASE_86	-0.0034815088767039385	-0.002498310930024419	0.003457610992059931	-0.0008582647072689037	0.004470217788557802	0.00046246018861394205	-0.00018038551653412995	0.002573685953266995	-0.000167419190408269	-0.012329926712165117	-0.0032462341512023113	0.00235954054168745	0.0018433207082660513	-0.0008477318318802184	-0.0023154239805401045	0.003009430762591123	-0.00014454400818555554	0.0014194108836494907	0.0022270974874869084	-0.001958438680350102	-0.0003186373318985137	0.0008834338851209093	-0.000282450697830858	0.0016831107622497369	0.0013615209215045387	-0.0007395826566734516	-0.007427006282675891	0.0001267245539445796	-0.0006186235408190685	-0.009817011108470294	-0.0007445542494135625	-0.0005878964742953493	-0.0006787460503248794	0.0022704456198846244	-0.00016650471538024537	0.0008156828819894799	-0.001637171790672922	-0.0019150902107507417	0.00028292881728829135	-0.00016413394328334307	-0.00015704538682069185	0.00016744157391891933	0.0008021896624810839	-0.046273444920628355	-0.001955090659129707
SYN_CASE_87	SYN_CASE_87	-0.003623644967323157	5.48661783596932e-05	0.0036188029911488006	0.00039306426848084226	0.0049850869282654356	-0.0004816572052536997	0.00028873096492236516	0.007350272491408777	-1.6429822226791862e-05	-0.012303529542976806	-0.0028672954290763983	8.108115966354639e-05	0.002764717611083176	-0.00401730336068426	-0.00046269252593781197	0.0019455502729442153	-0.0007755983036260847	0.00023896414487232303	0.001647899588148297	0.0006425393530205256	-0.0005510454335617715	0.0016479236059959168	-7.639396777253771e-05	0.0017197612280649916	-0.0015972726227610457	-0.00022519656067629016	-0.011308550230304944	0.00035214633484667617	-0.00031848222849884347	-0.006345781764208022	-0.0006767371201104417	-0.0007406143208219799	-0.0013870158300183547	-0.0012311790086418886	0.00010849281587171549	-0.00013802796545630343	0.004495399022279737	-0.0014369985533269096	0.0006699524422080924	-0.00020697688576823636	-0.014663230590077972	-0.0002564757017841157	0.0005256809369560954	-0.03492336994181029	-0.0012798113608870918
SYN_CASE_88	SYN_CASE_88	-0.0037522036642125465	-0.0029770073187879256	0.004237942951192532	0.000287801367354089	0.0028455427713611862	0.0006022405836617899	0.0004703114615143145	0.003008412714582179	-0.0003776672491711948	-0.0057849006828013085	-0.0032356446006597504	0.001858673599278807	0.00161083163443266	-0.00408008802743692	-0.002236312630195956	0.0015039256658350322	0.0006354590564878192	0.0005497194424236599	0.0017443229236232397	-0.00015643400120362018	0.00025668908523643645	0.0010670405383605406	0.0010186760029307453	0.0010325720155720084	-0.0022378719857305486	-0.0010875454164427968	-0.008561374581905867	0.00010501802017422456	-0.0004296290492824949	-0.007427890973496592	-0.0004887951008133233	-0.0005797511793201237	-0.0012035661136022909	0.0029695689566671514	5.315232997177994e-05	0.0015716234124226712	0.002660392296682639	0.0006367994145094707	0.0002597442507084207	-0.00022993973566038287	-0.0008299804530111279	0.00033880550468798966	0.0009475526625752061	-0.015957901226675276	0.0007918681179318095
SYN_CASE_89	SYN_CASE_89	-0.00320696759072965	1.871934134689872e-05	0.005480702605244859	0.0007154638244727066	0.007103720412102871	-0.0027519160774416756	0.00010908919738948954	0.010845510857798958	0.0002913547936665356	-0.014077694256457923	-0.0028159593005135444	0.0027793925986252326	0.001872132514216135	-0.0016010980672501998	-0.0004646394205341656	0.0009893112749720543	4.69185435602174e-05	-0.0020877441149233108	0.002177662360928576	-0.0002525657534573019	6.452222547815438e-05	0.002347725987232977	-0.000909884327694727	0.000615476708071513	0.003518221745644118	-0.000504728155600491	-0.008801160905311689	0.00018712402777223283	-0.0001393510797703951	-0.011036759444206972	-0.0004161770870755725	-0.00040698764069976406	-0.0008721869986495787	-0.00413771804555731	3.3848901468012425e-05	0.0008061024337929565	0.0015115696558201646	-0.0005610586673625766	0.0004297440398582972	-5.41789612006947e-05	-0.01609245754048684	0.0002466953682241155	0.000979008548603418	-0.020812248056838525	-0.000789808511063368
SYN_CASE_90	SYN_CASE_90	-0.0032468414670618825	-0.0011347979629942097	0.004957718990236789	-0.001711520070412134	0.003932983132022013	-0.0021420533806572432	2.096890219371272e-05	0.01139138351674104	0.0013205152131905156	-0.010287172126972787	-0.00293512776638556	-0.0004641783478598555	0.004127148815399797	-0.0005401147794344098	-0.0007040272236044332	0.0011937325373961192	0.00044165967190377774	1.697690096492435e-05	0.0014616754814242331	0.00044945243469586744	-1.0117485500923011e-05	0.0007727266144982273	0.00014992546980405037	0.0012391303115791036	-0.00027130662309852066	-0.0010070452842323074	-0.004613885469422795	0.0002622463154429663	-0.002658658232524113	-0.01079925187081537	-0.0005748479078482723	-0.0005565029501766406	-0.0015950262175958962	0.003908181786427065	-0.00018063810784619012	-0.0016453248435999164	-0.003455116751300234	-0.00088848703100335	0.0005204934361917565	-0.00025713658935024925	0.0005219414929065554	-9.949493969908144e-05	0.0003827395550620495	-0.026288099284068327	-0.0006682892846768133
SYN_CASE_91	SYN_CASE_91	-0.0041852545631340336	-0.0013991436101342086	0.0038197879651336425	0.0007687027465416238	0.0036204432715854725	-0.002138275556606928	0.0001878350099016915	0.006669946633362752	-7.406456614815279e-05	-0.008194111453231064	-0.0034448986094396047	0.002345718889995086	0.0021846586300820854	-0.002912972761948421	-0.002773392495637781	0.0034529615409712704	-0.0006068134582938297	6.696093930540682e-05	0.0022553427129411116	0.000171782122716557	-0.00015527189838840475	0.0007576077286583554	-0.0041202561409644425	-0.002561465910955251	0.00018385889836527102	-0.0007073576442713416	-0.008616215453375308	-1.3664307472689072e-05	-0.0022574576246425708	-0.0075055359096753305	-0.0009301821538341096	-0.0005855262908330922	-0.0017373358881443727	-0.003958940208340856	2.8199969358406247e-05	0.00015651775677244032	-0.0010211905135287913	0.0005617933794584628	0.0004471318612298886	-0.00021917228629996966	-0.016296148767737814	0.0006924768905520479	0.0005031500446950708	-0.026813108784427293	-0.0006528061361535335
SYN_CASE_92	SYN_CASE_92	-0.001579752344397259	0.0023801383700278412	0.004778257346935363	0.00010407009783065743	0.003748009789997301	-0.0011075316797230482	0.00012839458515654086	0.015334286069539184	0.0011214343652555196	-0.015112814190566612	-0.0025209276656047814	-0.0004132332679836463	0.0016643684775772302	-0.0019242037853387968	0.00045697036068979786	0.0019154259949072767	-0.00041381283347868657	-0.0020928464166134688	0.0014433341435818362	0.00011482095645245013	-0.0005445382363256664	0.0013336883013674832	-0.00032821815536327717	0.0024338730064678332	-0.0009047833180858557	-0.00048657403641257823	-0.005077901875390377	0.0003988833183598534	-0.0010438605221675232	-0.008795918892540347	-0.0006523953429563313	-0.0004376243926207528	-0.0006832396721053447	0.0013581305490768748	8.820420354664388e-05	0.00019461614681034426	0.0022144218271217416	0.0005649724886604227	0.0007898351851036788	-0.0006033679731842609	0.0009937949437766346	0.0003791653681253047	0.00037677472283979255	-0.04569853568912059	-0.0006086529408486602
SYN_CASE_93	SYN_CASE_93	-0.003298483438996057	-0.00022898546937403038	0.0057319900699616295	-0.000684243672757075	0.005372896493647015	-0.003356538733021746	0.000304847591866967	0.013315176479145558	0.0017748400764746664	-0.011061686162346865	-0.002120638669535765	0.000637446425806518	0.0031508356833108175	-0.00252187576355664	-0.0006685594591562099	-0.00010249269434892697	-0.0003099032879027221	0.0006066710058679426	0.002244675343774133	-0.0001493365928157297	-0.0008614199444466703	0.0015658889254905447	-6.591397076121304e-05	0.0014360448962121056	0.00288714230868889	-0.0010512706444636454	-0.015429815733147577	0.0003177703097430568	-0.0016599497852132815	-0.0058069252508071495	-0.00076677216278691	-0.00046860617849844464	-0.0020916088365576855	-0.0032358146896082386	0.0002682565079104016	-0.0012864930160736037	0.002280357266064324	-0.0002669017652975456	0.0004747477389249674	-0.0003107302539644214	0.0008908002026522554	0.0003027842136169566	0.00040107698208397783	-0.01898099138900412	-0.0008127584785373688
SYN_CASE_94	SYN_CASE_94	-0.0036569543038231763	-0.0001434128133505484	0.0046849542364318575	-0.0002453751392945952	0.0042454349722409164	0.0007264690636831093	0.0003390135418364848	0.005454588120269049	0.0013200794453530483	-0.018006244947729597	-0.0023788812112113976	0.00048030690712987334	0.0006802405051179234	-0.00238823377699297	-0.00046788864740767225	3.4740925811406646e-06	-0.00014260120516510305	-0.0006840497602999497	0.0028900092500568336	4.0068224605023555e-05	-0.00022606340621394118	0.0004217451895280451	-0.000179383486122144	0.0026240119843922525	0.0009698396142028318	-0.000682635011126652	-0.009366236708748848	-1.3540112634567282e-06	-0.0006865345072600538	-0.015104767210860409	-0.0005509980519996086	-0.0006784611021450384	-0.00039961347778133224	-0.004754777129992372	-0.00013729090730606918	-0.0009496512392598099	0.001889205728345256	0.0007205863949817832	0.0005097006474148216	-0.0005539664392674339	0.0007602510755300515	-0.0003090495022408016	0.00043759654222498865	-0.02173800232998597	-0.0018480018349514011
SYN_CASE_95	SYN_CASE_95	-0.0029544902404872973	-0.0023168172143417202	0.0069010284866546315	0.0010505995465187917	0.004021080420791209	0.0004954202932822584	0.00040599303486353085	0.014181932453173991	0.0016882892481128553	-0.00848150917497902	-0.0026269849453913283	0.0017009645841529536	0.0018423514493484967	-0.006414358656788903	-0.0018113510722166126	0.0008294803321103126	-0.00015956953014684868	0.003088334489431282	0.0023187110917684954	-7.389750960037461e-06	-0.00015095709159628008	0.0019095980651876803	-0.0008062568422921579	0.0016132609988367761	0.0009693847837260612	-0.0010239562020558548	-0.0132583988312523	0.00040388994368859195	0.0018462229858445503	-0.009551774506604134	-0.000807608081538489	-0.0005133337362078665	-0.001124302716792325	-0.004314023061786645	0.00018639508299658278	0.00010519678964459476	-0.0018120692220060873	0.0010503022057367119	0.0003953138853266944	-0.00043151653768111817	-0.019480660625892127	-0.0008914758896030737	0.0005805878397902908	-0.024398544146971807	-0.0017124652615714414
SYN_CASE_96	SYN_CASE_96	-0.0028489973929147682	-0.0008259321658511358	0.004990481771785154	5.87668727977954e-05	0.003963478731308976	0.001118504560880514	0.00025588446716671737	0.01079969530436177	0.00245906976180028	-0.013543530459183092	-0.002797092540993423	0.0002509058292748161	0.001528595888196586	-0.0026246813730515283	-0.0026713004930890277	0.0049332715813987325	-8.289632389078942e-05	-0.001880780205038327	0.0019247602551042311	-0.00034889618817363446	1.4065144563344294e-05	0.0014357766948540254	-0.001395719864537317	0.0008073374466814899	0.002308214589992311	-0.0005970033480800082	-0.012783911713384387	-5.235371720401746e-05	-0.002741587779749816	-0.013489108337789768	-0.0004419145110377062	-0.00038361481635482603	-0.0021626251896207536	-0.0037164197045064314	8.880573170999453e-05	-0.0003252871574192485	0.005493728704669951	0.00015805932287949988	0.0005389367707182202	-0.00020014120028420443	-0.015585609653476645	0.00045352664510796314	0.0004717054983821542	-0.0287240333518281	-0.0015748350272070145
SYN_CASE_97	SYN_CASE_97	-0.0027094797602429093	-0.0026234353359252042	0.0058361131177336635	-0.0007361989957331326	0.006755254331315127	-0.0019050010135709871	9.34146543216365e-05	0.0038052835992068604	4.7936937946045704e-05	-0.009510684782141066	-0.0020589984015365495	0.002156058122902195	0.0015368594972384063	0.0006487837540520035	-0.0005209753233643952	0.0008140846439940064	-0.0006295798576145345	0.0013948505329333587	0.0015790104614606297	-0.0014143628166266454	-0.000297517339606597	0.0006641628549827671	-0.00024909841066695965	0.00200249886815015	0.0019738028150636513	-0.00022560617260411386	-0.012075096061670934	0.00016546320494651852	-0.001584532743145779	-0.010298336351215234	-0.0007545114851964004	-0.0005646463026022655	-0.0010202484413105984	-0.0007670332670660999	-0.0003952533910249264	-5.3978930648928185e-05	0.0008116712288619222	0.0006484117612352239	0.0004895120983038523	-0.00025893911307187946	-0.001882905304119906	4.151521226393055e-05	0.00028191709769342693	-0.014223796840616837	-0.0024648960339089094
SYN_CASE_98	SYN_CASE_98	-0.002380682313316919	-0.0012210440928809355	0.0052010179534016975	0.000514725496012519	0.0018981058466560115	-0.0001365682614253539	0.00015597485775261893	0.013198660381399455	0.001854043153375149	-0.010545667972775664	-0.0026477995855159865	0.0026501695448175938	0.0031690650629365874	-0.004381317001692909	-0.0026161558510150824	0.002523784890837835	0.0006335110480452763	-0.0017128545630845354	0.0018774349142116683	-0.0003301743522031211	-0.001058436405249202	0.0015499374249297337	-0.000587379834687966	0.0011731589576634636	-0.00011015753979568666	-0.0006919849498152464	-0.009350783746079071	0.0002419109732639254	0.00018021773990173654	-0.013318549723216654	-0.0006666511926418279	-0.00045139548098539685	-0.0014996391665874319	0.0006751617845428372	1.252716934563862e-06	0.0018859061705933362	-0.0003722023512160002	-0.0008415680034418229	0.0006714362169119299	-0.00011963988738232846	-0.0011340652510945302	-0.0004139426607980855	0.0006573297844448957	-0.04393798711978088	-0.0010499462108907562
SYN_CASE_99	SYN_CASE_99	-0.003530242609106673	-0.0009514655552496934	0.002831761656030368	0.0009963654029311547	0.003637751693626817	-9.718339535443762e-05	0.00023662486339727441	0.00999643394776457	0.0007472712921204229	-0.012201715150647312	-0.0028411404597342145	0.00027453187748442253	0.002189021610238379	-0.002502436458360934	-0.0024984552744177716	0.0008538275592276366	0.0005792262593036488	0.0044099117209185305	0.0023093219561440732	-0.0016965533412740539	-0.00011109632544996065	0.0008027415490566469	-0.0009649718883776085	0.0008525199847316337	-0.003112726183930813	-0.0009709807685516424	-0.006872824209950886	0.00012932645237600704	-0.0024926901757849726	-0.006411804396813236	-0.0004980275014545018	-0.0007158325796277972	-0.0018580988599373376	-0.0073339472037926975	6.241123887676118e-05	0.0021067283088761256	-0.003089292242180029	0.00018230552656156986	0.0006090532731106867	-8.538795108600984e-05	0.0026500740425708866	0.00011361510106433174	-0.00019338363224906093	-0.022393220148201217	-0.0009464303040493101
SYN_CASE_100	SYN_CASE_100	-0.0026649963776287414	-0.0019273299234401277	0.0055156374205311345	-0.0001469422562717394	0.005141023477850113	0.0008874937197319816	0.0005572839402495606	0.009971622436727962	0.00012711396185915581	-0.013511217302646655	-0.0035783384498713922	8.026059751199785e-05	0.0032413121477956578	-0.0035222856841207423	-0.004778390576472377	0.0026405408052928947	-5.2830404189922885e-05	0.0008578164753232869	0.0014938552359854576	-0.00046458298761943454	-0.0007862547969115652	0.0020070962587725996	-6.649703273507786e-05	0.0009050492070299538	0.0008529650637695031	-0.001025732203619633	-0.011068452150092771	0.00020484606901712617	-0.00026277084154462083	-0.00845691106675723	-0.000594973572318526	-0.0005249725017993382	-0.0015783433525262567	-0.006146472054429284	-0.00018739365429365376	-0.0005622015478537702	0.006173588441735865	0.0009630491682062557	0.0009309153221353833	-0.0003255119647636592	0.0027679094289873793	0.00030828768935850536	0.0009714043714922414	-0.02149712255000463	-0.0028535197360043734
SYN_CTRL_1	SYN_CTRL_1	-0.001978004843500745	0.0018349630559406924	0.0053429844827328375	0.001520825051413335	0.005038523287948672	-0.003585625721335805	-4.262548365918034e-05	0.0057643831657279215	-0.00019891147405047256	-0.012341451554260868	-0.0026759296512156774	0.0013981209454390344	0.0019440450357902227	-0.001530371928523255	-0.00034000822023802415	0.004061773105419981	-7.825515247637625e-05	0.0007435627816205774	0.0015093484404052175	0.00024309035106709353	0.0004707840064488937	0.0018390032604950846	-0.0012478140395878066	0.0009058443846546896	0.0007668988409133175	-0.0008050201682582778	-0.009562748878105555	0.00022229906536411448	-0.004233586610644925	-0.005145368258962871	-0.0007380797827653131	-0.00037804582219827835	-0.0014014509535834497	-0.0025837676866156093	-8.271673178752043e-05	-0.001405748718124551	-0.0019030182732696923	0.00034534546138497146	0.00042352392582444183	-9.635517738396752e-05	0.002034383821022884	0.0004566930854738479	0.00019975773914440167	-0.04155679369389372	-0.0010873407411724184
SYN_CTRL_2	SYN_CTRL_2	-0.0020637018405966407	0.000953324096537321	0.0043079511296367995	0.00023275302376714283	0.0040934932488463395	-0.0031044388877516974	0.0001791396929344205	0.009202301582580083	0.001540342119085281	-0.012142886574517127	-0.00310386756589728	0.002716744563341428	0.0022806609166855047	-0.004033156920698798	-0.0001688016443267024	0.003925497950452852	-0.0003492070565274545	0.0017286787107027076	0.002420517201355763	-0.000126654306321828	2.8082920248276175e-05	0.001762535783638363	-0.001733690803917331	-0.0011567289369318321	-0.0011270798878109346	-0.0016478372742873995	-0.01009176079099445	0.0004510168212572599	-0.0011098753021519117	-0.007222017074527037	-0.0007250291358683992	-0.0005856882000925073	-0.0015274945524829217	-0.0014780855740654073	-0.0003373787281868	-0.001320426669705591	0.0006335319975325961	-0.00011423496977524161	0.0005449949814553302	-0.00037430549549124224	0.0008088730159434541	0.00010056943128556848	0.0005020247995146232	-0.035626309657786945	-0.0017414060839048735
SYN_CTRL_3	SYN_CTRL_3	-0.0016362004129004792	-0.0013683988314887605	0.005207678137309254	0.0008199290319489741	0.006140781269250274	-0.0022797552129151005	0.00013484202925549476	0.005146242206136268	0.001382176070125551	-0.01013455030086859	-0.0034584834790165864	0.0028017568961394494	0.0005158155368368616	-0.000982536088173937	0.0006648090143813756	0.0021891990704559815	-0.0001568633353737582	-0.0007962614459380422	0.0015446257762888394	-0.0012684116303363024	-5.917342518070494e-06	0.0008135876911835048	5.364654032276431e-05	0.0014737465980983013	-0.001430616838952171	-0.0007850023561751419	-0.012387776566890307	1.0980472724144953e-05	-0.005359624551299261	-0.0017010681647029566	-0.000514737480428451	-0.0004657072761256574	-0.0016835015729709643	-0.0004113691945783717	-7.326144924426163e-05	-0.00015997263812155693	0.00019656730786426563	5.271664439260182e-05	0.0002627549124399673	-0.00037191867377345234	-0.015503161352325984	0.00044936652109712073	0.00035203722607945776	-0.03561076269588049	-0.0010833124642150502
SYN_CTRL_4	SYN_CTRL_4	-0.003592109651578306	0.0007577123390209337	0.00446778086833847	0.000701468018178094	0.006288198722127453	-0.0028039594839347906	-0.00018529523508723072	0.009729170996320537	-6.098109674697204e-05	-0.008968029169993934	-0.002717088319588248	0.0010672788004718722	0.003190090898885137	-0.00022153271138005654	-0.0015542622755228797	0.0021620558441185307	-0.00012897249784717536	-0.00262677587013736	0.0018664059292792298	-5.0276780362734505e-05	-0.0002801024228366144	0.000330077488549298	-0.0012933877608823413	-0.00045815031485720503	1.4762308983807316e-06	-0.00048119568950345386	-0.016202000652789306	0.0003111832454733462	-0.00031502507162480746	-0.010323476144747292	-0.00039335315267299495	-0.0006168720030886461	-0.001623292391806968	-0.0004856275681875214	0.0003391372905501503	0.0015372887166886133	-0.0002810353768794757	-0.0005095561688049959	0.0006966824816734434	-0.00047383547756985484	0.0016307290548924804	0.0004802019126405232	0.0003715219054035374	-0.03878144570065585	0.0003212383478095443
SYN_CTRL_5	SYN_CTRL_5	-0.001908307529315263	-0.0017041606311364488	0.0037153455193206465	-0.0006062398286692216	0.004368679649834939	-0.00041810388937177937	0.0005467559407032551	0.009981933298339803	0.0013485784857689726	-0.019179302601709983	-0.0034985672359320926	0.001733030803146102	0.0021766908620270823	-0.0017688102727317827	-0.0008874811610318588	0.0009558647768363727	0.00024194883182008796	-0.0008647105105607503	0.001583017476596775	-0.0005907110949240743	-0.00029485678049915497	0.0014947588716431948	-0.00012202232663710225	0.0018294443659760068	0.0004013871607595836	-0.0004815326961540202	-0.008082561696211243	0.00023114217045670847	0.003497407402017817	-0.0032253925865554024	-0.0007109779522410946	-0.0005610883861076352	-0.0013402966864521863	0.00020397173035090243	-0.0001014409356749429	-0.0001814928025667089	0.0005606893647011165	-0.0015025799006819097	0.00041979440199490955	-0.00014781609706590433	-0.019838778708762855	-0.0003918019770219891	0.000969734684566544	-0.0337074584165556	-7.168802575385319e-05
SYN_CTRL_6	SYN_CTRL_6	-0.0035038794819749483	0.0005487772798563518	0.0036977635530002664	-0.0001476135111010008	0.004804725548708022	-0.002782630076077369	0.0005299705652489346	0.010551884369026552	0.0012544774561190082	-0.015251542503731614	-0.002576042054080564	0.0003839837659370119	0.003256133345711394	-0.0028385332428234374	-0.0020161434206287607	0.0040791405345186075	-0.00029704773603659966	-0.003348201162520629	0.0021145304986578592	-0.0008536012422649798	-0.00011040589263659646	0.0010335276149488148	-0.0001922527948703597	0.0006794602244883305	-0.0017302444056968055	-0.0007844083525185834	-0.01361479177221662	0.00038544998409402594	-0.000200261817827103	-0.0014922174921426184	-0.000540172834924468	-0.0004931904421638923	-0.0016975029252860666	0.0007648714851226106	0.000357046804907055	0.0003081774779391485	0.0026725822765595606	-0.00021319731588097818	0.0005279010473698606	-0.0004647322901681101	0.0008435953803768194	-0.00010432244981993615	0.0005257042239381558	-0.042282880716687045	-0.0017892618726744333
SYN_CTRL_7	SYN_CTRL_7	-0.002372337690725932	0.0007225727295584589	0.00457467969760911	-0.0005695413639980151	0.005034570025744408	0.0005155324414204874	0.0001385304937982778	0.012278128030851947	0.0013540186628643828	-0.014055819497251744	-0.0028865588335800193	0.0011348314343490374	0.0013526609305359145	-0.0022421506193277658	-0.0011434509511269772	0.002196235800834693	2.0129709094112932e-07	0.0016243915682340657	0.0018384099879323343	-0.0014512796979129139	0.0003226532788740818	0.0012568087866394193	0.00017186654715250878	0.000940039127636361	-0.0008586118240903195	-0.0007223574459062932	-0.011231018797720722	0.00022796069478370855	-0.0012395043828212755	-0.011869333297352208	-0.0005342694110678556	-0.00028764116022128025	-0.001283699692192307	-0.00218936707937478	0.00022313832023066634	-0.00011159778075687241	0.001138076860344748	-0.001033293820394559	0.0005496222243991176	-0.00019899917339158977	0.001660675115123211	0.00026726317655905726	0.0005389302839510829	-0.034629966541539194	0.000163010931283057
SYN_CTRL_8	SYN_CTRL_8	-0.0036314754114674538	0.0002993826614650827	0.004873591633590959	-5.4911352428232414e-05	0.004618331878430083	-0.001851180871299989	0.0003807528260143479	0.0058391211492391576	0.001735409967911126	-0.011489947521730784	-0.002642743865144307	0.0004871566574596704	0.0010680195641436618	-0.004616332012111354	-0.0027441257624921927	0.00417931895210153	-0.0002938690365378315	-0.004462731875490172	0.0015614083150201226	0.000699031524507585	-0.0004436176417568914	0.001443658798361405	-0.0005080304388616139	0.0013677183008889491	-0.00032000087946780427	-0.0006854265286420594	-0.009697679743749858	0.00027041762113174327	-0.0025359616802071833	-0.0038809424347100714	-0.0007616514880088419	-0.0008152893527544243	-0.0010079930247348496	-0.0040041736998756945	-0.0004492996006919747	-0.0009991085029166908	-0.0018342594054396905	-0.0004972197608737977	0.0005902863791375514	-0.00014023598321669025	-0.017879314342771648	0.00028796475492505057	0.0009728540759263141	-0.03700526377241485	-0.00011867578241096363
SYN_CTRL_9	SYN_CTRL_9	-0.0018985735213396782	0.0014991930014999165	0.005931410452541387	-0.0003333818617319435	0.0026837244317022163	-0.002208659715308407	-2.4008006915226507e-05	0.011047704848523066	0.003088956959091129	-0.009074254279961476	-0.0031493354806622674	0.0017519638908983061	0.002457569435584694	-0.00196556217653316	-0.0017202138089337045	0.0016137345327213496	-0.0005775641284879965	0.003201535844142861	0.0021721379759668895	0.00010703298458125514	-0.00040270015749809375	0.0010498099325729694	-9.887346505920847e-05	-8.514407058057868e-05	0.0015659298301148304	-0.0010734749269538301	-0.01064826379798527	0.00030023391968570195	-0.0024771845391058644	-0.00534448088518285	-0.0005248118041907773	-0.00044132636601122043	-0.0004977725248993186	-0.005990416113935719	-0.0002258336177292792	0.0008287664349260627	0.005975850027098425	-0.0019983652382655295	0.0006383061378220768	-0.0005940520700341086	-0.019893551717397578	-0.0005961946574643464	0.00043668396720492465	-0.02083088923465397	-0.002187240546797086
SYN_CTRL_10	SYN_CTRL_10	-0.0019956643264751367	0.0017862593763321752	0.004150227858373456	0.0003527088303462391	0.0019788116205461995	-0.004053602088807049	0.00010328425771452304	0.009257186775078858	0.0011871357740146837	-0.009817248702778359	-0.0016904899200099995	0.0019118435832447388	0.0013026296163778782	-0.0013353533080635795	-0.0018463730199858636	0.0021754768987182122	-0.000215572277253322	0.0024095596215563163	0.0024167070922070893	-0.000996830878750893	0.0003893835370807863	0.0012432133850706264	-0.0009442032572481352	0.0013642788076391138	0.00037722889756857986	-0.0008514518062968757	-0.012082343804345896	0.00048113453833806583	0.00205943308740136	-0.006654627806843365	-0.0008860325064468091	-0.0005468120848213704	-0.0016105596101663588	-0.0046285714915445435	6.836557139787923e-05	0.00046395968099971306	-0.002152094036903374	-0.0005841131606973978	0.00044231670714637883	-8.893888578479238e-05	3.271652473097523e-05	2.1248181731766995e-05	0.0006401117091984757	-0.024289200680082976	-0.0005110685886506148
SYN_CTRL_11	SYN_CTRL_11	-0.002722723822945086	-0.003261499090584729	0.004535741119480321	0.0008867960393567832	0.00727053285868054	-0.0006159631612151094	0.00019004458045724756	0.012204143160785155	0.001703501617409449	-0.01141000987877028	-0.0024570550610163743	-0.001216706627588719	0.002563803191783072	-0.0009620374312710874	-0.002252240317565116	0.000982854065835993	-0.0008062824819837497	0.0008511314065261888	0.002115998422830051	-0.0011002816354979909	-0.000519159788940613	0.0013675365410806	-0.002192365288862722	-0.00018726157762966215	0.00198198289542719	-0.001043142435348044	-0.011130885028066763	0.00029291381590904736	-0.005445960213654713	-0.008392845178850828	-0.0005374129094631589	-0.0005698831686420528	-0.0014810699660614875	-0.003807523439283686	0.00010203241643689845	0.0004410927875216057	-0.0018960785420776946	0.00016201738500630372	0.0005524898244369131	-0.00026098325125946257	0.0015904783852210488	0.00015150401285241217	0.0003466635553461897	-0.012162040821385514	-0.002163810121147642
SYN_CTRL_12	SYN_CTRL_12	-0.0008197767970005096	0.0012338272310526135	0.005809594934768979	-0.0003749282283759259	0.0040125535773331104	-0.0011098336962568603	0.00031138578720834594	0.010147057209101425	0.0012247039845049703	-0.008249523996108758	-0.002516747997660377	0.00213540125895087	0.0012085756937052355	-0.004195173549128336	-0.0036677391207333397	0.0027891579564217218	-0.0010147708865124218	0.001540590050856762	0.0022227214261946178	-0.0002522666113257578	0.000137490062231613	0.0005627540229506561	-0.00013101236822534639	0.0010126167047780534	-0.0009930819526950399	-0.0004409725722934148	-0.01289568290518559	3.445605004741066e-05	-0.002998605311420453	-0.004130727211055503	-0.0006759487667188926	-0.0004840456428665272	-0.001240118143346105	-0.0008039057109201999	-0.0002311302150525534	-0.0007030505690244491	0.0009612449651018196	0.0014471282859143152	0.0009109049509692577	-0.000445943672089364	0.0022520754018616764	0.0003421272632083701	0.0006115167364338539	-0.04801254695078536	-0.000785470023487518
SYN_CTRL_13	SYN_CTRL_13	-0.003045870556533532	0.0030423587459754774	0.005003511961986773	0.00047005080603045843	0.003981202445711729	-0.001770516415365932	0.0001817452229226672	0.014006395694164895	0.0015352477558943734	-0.00879436032549767	-0.0033107151289840783	0.0011682361313448558	0.0014302462545219888	-0.001972613738181294	-0.0011432339117620077	0.0011817382153228731	-0.00033100593429761827	-0.00030627794079417497	0.00203161550703763	-0.0012069562841599856	0.00014002603457078118	0.0011357427718020202	-0.0004121734155328317	0.0009950892193026407	-0.0014999938754879862	-0.0007133621195710961	-0.011851598407449102	-4.713138396472235e-05	-0.0032381649178023705	-0.008132652940819276	-0.0005380821555587435	-0.00036677236393903046	-0.0009364155091027477	-0.0001144097830547036	2.4523383501988535e-06	0.0001187271859675309	0.0005287117430432758	-0.00015953176596248772	0.0004658552800772766	-0.00030185948817028173	-0.000494423965122	5.898728078601973e-05	5.15892741919097e-05	-0.04148768669191856	0.0007863308136829479
SYN_CTRL_14	SYN_CTRL_14	-0.0041347619698712135	0.0008560225640789457	0.004708467019556202	-0.0016678453303316286	0.006386264338001774	-0.003331349461946726	9.779242391272826e-05	0.007869897238537926	0.0030714946976351807	-0.01518495095361819	-0.0033479421718490385	1.3977474639301094e-05	0.0023735527630943183	-0.002264125048450084	-0.0012770776040686431	0.002497651001104247	-0.0003380107141351402	-0.0006276958212516655	0.0025222420904404954	0.0009758377866076347	-0.00017045468661040872	0.001998506252493753	-0.0005909911568659739	0.0013852802292148897	6.972426175332454e-05	-0.00048728236396605636	-0.008065605493156849	0.0001361799359761122	0.0046212697981538875	-0.015124996693915836	-0.00041507684936185137	-0.000441402313603888	-0.0012096508549689134	-0.002143740930586207	-0.00017420300608604345	0.0011526156363754658	0.0004892805425333343	-0.00202168138306021	0.000613051370256487	-7.660126166189413e-05	0.0003796790568634203	2.603263308263511e-05	0.0008617692624412274	-0.028301943375779195	-0.0006459231583412382
SYN_CTRL_15	SYN_CTRL_15	-0.004081555531837237	0.002568135538817332	0.004206004954206939	-0.000569536834800364	0.0026294906326744857	-0.000535143583642088	-0.00018408157658419776	0.009254726270550495	0.0028145556410283665	-0.009648003907641653	-0.0021552952295894453	0.0016663996347672481	0.0028260422067375637	-0.0025858027267126067	-0.003127948046759324	0.0030920294849955537	-0.00014982736322909066	0.0005081796608036758	0.0017413383778196296	-0.0003335243486489039	-1.1117956483042023e-05	0.0005030840999650058	-0.0001600129103531992	0.0016974021730591792	-0.0006200797410160966	-0.0005444100585907358	-0.010732507332514121	-6.556855397688494e-06	-0.0004710648302462092	-0.004031065308043195	-0.0005675223917915088	-0.00048631619286701	-0.001656679089403081	0.0006755486753928138	-0.00023099455379796727	0.0024304230618409613	0.0007238726904272627	0.00024849726568765366	0.0006336419286801041	-0.0001046412859738055	-0.01833272464954971	0.0003382657750819613	0.0007045305950255326	-0.04386425159142155	5.774748758613309e-05
SYN_CTRL_16	SYN_CTRL_16	-0.0031094290574042696	3.801806873125219e-06	0.0049204489916231655	-0.0004075673884860771	0.005618162591013076	-0.0018591403831939395	-7.937323050980772e-05	0.00946892455431804	-0.00019648794926646314	-0.008565871888351914	-0.0029811573502326735	0.000786325151017714	0.0023981439342137443	-0.004436316616637951	-0.0019956264146503066	0.0012471303654245608	0.0003286548849956248	-0.004834715490849079	0.0017000613778110451	-0.001714522181105121	-0.000675370467867436	0.0009498670921321456	0.00031989152470224014	0.0021692517378521306	0.0011508334892271356	-0.0008137921998968208	-0.014969877240371948	-8.98464185989385e-06	0.0005780501049479439	-0.003956194875357131	-0.0004428439309166976	-0.0005040080200177889	-0.0012068651686549998	-0.0012832781152362059	5.996692842995003e-05	0.0017275184283436999	0.001479048168023833	-0.0015382711865598738	0.0007355745048804772	-0.00010669206288201535	0.0006885984052401885	0.0003598137624655785	9.151431061133334e-05	-0.025832717980141907	-0.0020584904312112387
SYN_CTRL_17	SYN_CTRL_17	-0.0035044419223183992	-0.00047748691128475545	0.004488333974211193	-0.000945093428633369	0.005431042231574607	-0.0009505294059155536	-0.00014541269190370464	0.009542759736169354	0.0016261214370517911	-0.012839613613452828	-0.002667822210926407	0.0015616390120446594	0.0009828216506797085	-0.0008404280619006669	0.0006443954886794056	0.002868372958048536	5.9257557665306e-05	0.0017384878092980582	0.002262470836501484	-0.0011029016601359475	0.0004436649670505079	0.0013560915025382307	0.0008036417818897667	0.0009403777248325319	-0.0009582220816767434	-0.0005520467994669333	-0.010743055036366016	0.00014190346770826925	-0.0010314985156299745	-0.009173734486914317	-0.0005951447633665328	-0.0004312701724467943	-0.0005322787354899899	-0.00158651595117683	-0.0001000629913274526	-0.0012352499557109927	0.0017019258877125226	-0.0015460380726700597	0.0005371684184748999	-1.8171571670189373e-05	-0.018506428270396533	0.00018731178017886756	0.0007420382701779288	-0.01881910233065598	-0.0020226950810243315
SYN_CTRL_18	SYN_CTRL_18	-0.0043687854035401865	5.6795850483121084e-05	0.0038925056741850425	-0.0007208992885470515	0.002392555009637672	0.0016360824471190114	-6.213131073671039e-05	0.00854967297425327	0.0017582852580157286	-0.014020014778572185	-0.0029150736128741492	0.00027680053365826987	0.0012379808491480048	-0.001679450838599885	-0.00011437763283103242	0.0030560235090096137	-0.000987292778459689	-0.0011116359838777453	0.0016554092322426251	-0.000773772316513054	-0.0005811363926811585	0.001074789170014705	-0.0019197565027165957	-0.0003468082613789752	0.0016722312596685286	-0.0005609797764186571	-0.013459680088214167	0.0002043656416852695	-0.0026315019707723467	-0.016927650913826624	-0.0007306523233533544	-0.0005595701304894575	-0.0012053795342645086	-0.002267685771082355	0.0002815101529036104	0.0008077967529312586	0.00043504589698711344	-0.0007605108785184488	0.0002677747232299018	-0.00014641945089468529	0.0016345315967008578	0.00020519208185937118	-2.089735491981603e-05	-0.02985669287057306	-0.0016407412257105306
SYN_CTRL_19	SYN_CTRL_19	-0.0019947726094584647	-0.0002343059035691854	0.004332176252411371	3.5620563932056876e-05	0.0048678268379920035	-0.0008062316625514069	1.595333423178315e-05	0.009307693799140492	-0.00035186190322057794	-0.007549681435758169	-0.0024964869334941765	0.002112310128249075	0.000705546093649734	-8.016387168198999e-05	-0.0013353097068185443	0.003080085461500642	-0.0002147461485775504	0.0007189568329069785	0.0018448890648900555	-0.0007963927064165942	-0.000419587507333204	0.00024435975213809615	-0.00019697744154180676	0.0019955567238532203	0.0035902561353602144	-0.0010002324228617263	-0.006846798492849619	4.780535755547354e-05	-5.465326785509595e-05	-0.006066951003455687	-0.000626803081724848	-0.0005427361493546927	-0.001430945402920185	-0.0025592952778046825	-6.547198951481936e-05	-0.001280942882964779	-0.004164348786208988	-0.0009754234340144228	0.0006951002090772064	-0.00029872650410301207	0.0007372006109995718	-0.00017249847788129095	0.0006021414202521322	-0.0365986351327522	-0.0008970473870129462
SYN_CTRL_20	SYN_CTRL_20	-0.004162134528782869	-0.00020441940815399352	0.003767952129509115	0.0006375109398909472	0.0038572270889693228	0.00023473936917395232	0.00041176198344142754	0.004957740978375308	-4.8628714168117963e-05	-0.008098146644163126	-0.003897683848764521	0.0002489657376412783	0.003029807878051008	-0.0013021882646112365	-0.001398504804255401	0.002202733703721557	0.0002549700721994151	-0.00121620493180909	0.0016606027747494451	-0.00045084463618277773	-0.0002455674043409183	0.0011665425874406565	0.0007125176044653782	0.0014466493914181673	0.004042435933413214	-0.000977162876535615	-0.012252576315184586	0.0002413400539789901	-0.003290737489558282	-0.0022062481795173043	-0.0005681200512792534	-0.00047226804114839635	-0.00043098322674952927	-0.0004142412386092098	-4.385797115775087e-05	-0.0004475297966793409	0.005770593155600092	-0.00045738435023793796	0.00035010559225827863	-0.00042817990413661166	0.0014302109264943425	0.0004144631794603699	0.0002633446740628116	-0.032845493408765046	-0.0016282584972095045
SYN_CTRL_21	SYN_CTRL_21	-0.0022379371553486517	-0.0004883325315987736	0.0043751121637023585	-0.0004337612448288762	0.00528629588669987	-0.002597675141264316	0.00011081439650448148	0.00854895579166409	0.0013066526244682871	-0.01077918876554137	-0.003185641695824571	0.0026488211728912282	0.0010077242038473557	-0.0029554881992435067	-0.0007974274562760127	0.002557071821928061	-0.00015326633524562476	-0.0009217815916762848	0.00135377209203154	0.00020869095765227804	-0.0004173515354268309	0.0016158760496258464	-0.0016496773020262675	0.0002499341888586033	-0.00048084798605441126	-0.0005152144529857058	-0.0075012979950271974	0.00018774159288912173	0.000943225474125313	-0.006453102015944394	-0.0005565228087792196	-0.0007233089365131702	-0.0014898411671473936	-0.005912605985729004	-5.026162603895429e-05	3.3487991073779277e-06	-0.0025785329012875642	-0.0010403755635323346	0.0005199557598694988	-0.0005038635471423863	0.0017826155937591842	-0.00013124340765166914	0.00020488402935648728	-0.033646097072954136	0.00026438476844395023
SYN_CTRL_22	SYN_CTRL_22	-0.0028000573256595717	-0.0015984997276217885	0.006765831765122256	0.0022126299174530504	0.005463053483501895	-0.0028460950057707713	-0.00015116693187984745	0.005295428155736802	0.0013935690608478644	-0.012560977211471213	-0.002842291907970398	0.0012852822051149576	0.0017644798671610394	-0.0007238561735520622	-0.003068144535286311	0.004003388424988823	-8.142475939470743e-05	0.00032320493335904967	0.0018943303445974674	-0.0014841743207400053	-0.0009850905732702233	0.0005979175634331818	-0.0025985008476251117	0.0004509852254948474	0.0012721434563538754	-0.0005286681391757813	-0.010731734421383858	4.153642422187942e-06	-0.0015257129825258283	-0.011414364415065105	-0.0006111421321190952	-0.0003898400786217495	-0.0010807936092730942	-0.004195031392527464	-0.0004069903461484218	0.0016617305759169599	0.0077280632403938145	-0.0009309574130886719	0.0005720532701542027	-0.00040177338928918397	0.003737324911285036	-0.00023241838354018523	0.0007197166019382806	-0.03575818550509425	-0.0008100457171055374
SYN_CTRL_23	SYN_CTRL_23	-0.0030904803643049335	-0.003315879738207098	0.0041087796243093454	-0.00019026899625525207	0.00246658839974166	-0.0016699012329679753	-9.950062821789488e-05	0.005363848723250186	-0.00012951207815684173	-0.008340493321777838	-0.0033552634045245756	0.001460405629105053	0.002060111843812192	-0.0032054090364495003	-0.0013909580494867306	0.0027164542751268034	-0.0005637107779574267	0.0020520466392657836	0.0018966244917717127	0.0004694409445771851	-0.0008071458642437732	0.0016961187168281482	0.0006105317772898991	0.0018882683038601964	-0.0019271270329501932	-0.001147794255858703	-0.00491022765513533	2.2698026791150456e-05	-0.0034352592489591853	-0.01573101219255528	-0.0007058356460076721	-0.0004489808070700059	-0.0015905272600832668	-0.005472183332651366	3.7840338246967263e-05	-0.0006944970453695671	0.0010093694726705446	0.0007366968037726088	0.0003534863238929153	-0.0006504340689629379	0.001430332605259021	-0.0005044443807692028	0.0003422129777281543	-0.030289797531518833	-5.2861637336477716e-05
SYN_CTRL_24	SYN_CTRL_24	-0.004072338674856289	0.00011972457291766109	0.0047374165875080365	-1.4313433973623391e-05	0.004165344001506967	-0.002288124758013238	0.00037776762824016577	0.012509075870061932	0.0009049222918838755	-0.014430133748418757	-0.002312240671648605	0.00011411170763838148	0.003101538492615498	-0.0031894684085832124	0.00012302957335595606	0.0019024470528541293	0.0002576334641858263	-0.00048232392150025744	0.002466259941803791	-0.0004476024061864442	-0.0012813644641584759	0.0018459592891930416	-0.0004977101121287781	0.0010934219246502173	0.0008487417945069168	-0.0008956500172914103	-0.009505564344275658	0.0001174049743238121	-0.0003501865902388779	-0.0017185236629784265	-0.0004224420402239666	-0.0005378878817803323	-0.0009158955049801221	-0.0018386607641429082	-0.00022811586374192836	0.0005504296961766103	0.009398789374797314	-0.0015170583435271945	0.0005406182664635665	-0.00031925638343167635	0.0007806234453249152	-0.00031649128750311324	0.0006774644711992827	-0.026996565871332315	-0.0022522656098942695
SYN_CTRL_25	SYN_CTRL_25	-0.003577552420732537	-0.004443671143442407	0.005899053861728195	-0.0005450969394480294	0.0039733482445193586	0.00041065326406794565	0.00024164591226424903	0.0052107519674860344	0.001812908752558743	-0.012424078969539218	-0.0035502300516492094	0.001219557103152259	0.0010059112101589661	-0.0019901952768136195	-0.0013872564909838132	0.005326936546926885	-0.00042118447808839446	0.0010977750980430598	0.0017788540736145245	-0.00010011554581465461	-0.0002486225559644859	0.0008097024256742112	0.00015453357075506942	0.0018138326520899326	-3.794416244776833e-05	-0.0007607419728440031	-0.011407826353313982	0.00030320305729112247	-0.003790401901470985	-0.008205714706776333	-0.0005843331184813917	-0.0005819828066758702	-0.0022881938225436677	-0.00032742726370815127	-5.445702088682012e-05	0.0012189005905535748	0.003111756371618903	0.0010076448885219954	0.00036970650732768624	-3.879733638786706e-05	0.004441539049867119	-5.59436902932574e-05	0.0005361792273798776	-0.03161240755153211	-0.0015069447208702052
SYN_CTRL_26	SYN_CTRL_26	-0.0035221728641618654	0.0021864560301351425	0.004926561914900663	-0.0007727485423593173	0.004925067794364462	-3.683604624202398e-05	0.00015044083023923687	0.00792824877350338	0.0019224226799445124	-0.01352617015377238	-0.0021145344085252665	-0.0006928362278601717	0.0020797578669210053	-0.0030884046350540396	0.0006039680327198949	0.004062906966080001	-0.0002760392738074083	-0.0051141383063153575	0.0021627729068297527	0.00016661071768254242	0.0001410089012529172	0.002151167627791793	-9.046929217548786e-05	0.001977969826029591	0.00010402573658786719	-0.000648652013146486	-0.011015209690903194	0.0001737317403905893	0.0031830949711611914	-0.01356992168431566	-0.0007659354660275716	-0.0005100936560090831	-0.002367166620801368	-0.008229973052745258	-2.9224618789366613e-05	0.0003987467195464523	0.00047469284239530507	0.00029363077182031704	0.0005804625367836183	-0.00025550998793595495	0.002130829070135777	0.00024577183441164204	0.000548082327977128	-0.00341560842666893	-0.0014185530803499753
SYN_CTRL_27	SYN_CTRL_27	-0.002129602768656757	-0.0008771192087032246	0.0027617880817554456	0.00040773391646128937	0.0007211451564595784	-0.0018201526312385688	0.0001402570697311755	0.012251111197224497	-0.00022897343373225746	-0.012696049849096827	-0.0026386641832343246	-0.00047270227582445017	0.0012784463813882898	-0.0030198418471754545	-0.0019411247318776295	0.004267254433304096	0.00035137292809473553	-0.0022759913451932063	0.0016534203019154482	-0.00014192447482022289	-0.0006922744851471234	0.001129534300202542	0.0005299204474030094	0.0019329567636619358	-0.0005775050018882035	-0.0008295094697290409	-0.012097352829761258	3.2536030252044056e-05	-0.0020688905350579193	-0.008914457503727623	-0.0005407861120191007	-0.000578220743643237	-0.0013578407853259548	-0.003728204760655071	-0.00023521821649885875	0.0005999221254186568	0.0007155273901408447	0.0006390309877839818	0.0003628449742882467	-0.0004956553814312416	0.0024894041555146725	0.00022619058111806423	0.00038011250708114665	0.009386300151771075	-0.0014091474064472336
SYN_CTRL_28	SYN_CTRL_28	-0.00356852281035235	-0.0024071016353277193	0.0035006418920948638	0.00048191003566502594	0.003615191711273382	0.000850469567401564	0.000600807937785856	0.009177013949532778	-0.0001258416012980204	-0.011467410149555417	-0.0021901318866860624	0.002450988451104059	0.0016664111735193942	-0.00018445355034081584	-0.0021902383839627454	0.0015569235300933893	2.5356177524623405e-05	0.0030984314935218397	0.0019256887776698903	-7.179130307439733e-05	0.0001848765293530413	0.002446166060663736	-0.0019606620880500947	4.9417923057302256e-05	0.001450495280496175	-0.000821225932558557	-0.0064973804667370644	0.00046175864164723886	0.0026913856685729506	-0.012669983471646279	-0.0004806147104722977	-0.0007992833138392134	-0.0023891343956453964	-0.0008677778061340354	-2.5551522392408688e-05	0.0007205530863891479	-0.001565303464174258	0.0017081171251839735	0.0008193000065383463	-0.00011750955657054257	0.0035267739079819093	-0.001098328698178283	0.0007185063730195666	-0.041567347989707674	-0.001333393183701266
SYN_CTRL_29	SYN_CTRL_29	-0.002494887583019278	-0.00041180068496814544	0.002599412336088529	-0.0006371577219619924	0.0046549786610888925	-0.0008686500518405545	-0.00026884926017795897	0.010097511701185334	0.0016420947935339894	-0.013965467980419399	-0.0032099754405548477	0.001425658511242218	0.003859281210261401	-0.003676687479406917	-0.0019474123186262306	0.0006562064239022724	-0.0007233081291929419	-0.0006168962024924412	0.001716675506399335	-0.0008084146226115941	-0.00043454358576227225	0.0017586177376120184	-0.0001278998712797208	0.001101190637237142	0.0007533434981883606	-0.00101806731437559	-0.012614984871916817	5.3612582968099136e-06	-0.00025498525799738864	-0.013274356880385751	-0.0006763026686108785	-0.0005738501404349992	-0.0010741185132684154	0.0009691529350259111	-4.676363420508397e-05	-0.0009687110520311934	-0.001033804291209702	0.0005017457267710963	0.0005806412446660046	-0.00015117385183669783	0.002128067339591596	0.00020638419385970232	0.0001090832575761971	-0.02566665459449177	-0.0010879939966292134
SYN_CTRL_30	SYN_CTRL_30	-0.0034644473405531662	-8.05614075768065e-05	0.0061581433671765535	-0.0007150613945362226	0.006073176928206386	-0.0016456478115887186	4.150850860521246e-05	0.011203374989019396	0.0014045536271374071	-0.009172892390979995	-0.0021545717515374123	0.00029587809849413794	0.004279149617862789	-0.00470037376362885	-0.0024973637319473992	0.003367173051541883	-0.000504736537539854	-0.0003565172307589081	0.001945855084777418	-0.0005608323504845923	-0.0004284751233022302	0.0007611610720979963	0.0008534860761580586	0.0018904947006558664	-0.003609415550778999	-0.000720581786566581	-0.01224703755544413	4.9303142697032764e-05	-0.00018068809945429845	-0.0019565051944156484	-0.0005757442693502682	-0.0005852280565875279	-0.0016042234277098583	0.0013638828484489767	9.410926844158912e-05	1.3855383368753256e-05	-0.005876190792781352	-6.858513474064051e-05	0.0008621344708226563	-0.0003607140804367684	0.0018027943193405457	0.0001868670420417883	0.0009442420784952515	-0.025758384394732273	-0.0004594875210432211
SYN_CTRL_31	SYN_CTRL_31	-0.0021680855580322013	-0.00014271398550453566	0.004170960647603112	0.0006626359370185145	0.0032181188752053247	-0.0002100863293747953	-0.00025954033441397313	0.01011752729542511	-0.0003044963847404018	-0.008297517150425374	-0.0027325409283972127	0.001776965854524121	0.002667941186379378	-0.006438791546462865	-0.002591535021810178	0.0021631801650693226	6.212210529938243e-05	0.0004844186057871758	0.0016199813679126833	-0.0008175482639050768	0.00011902758731493346	0.00033282317660818624	-0.0010086369700617116	-0.0007790990662758155	-4.0373120599332374e-05	-0.00023986035595126686	-0.011969827882172756	0.00031741413204616694	-0.002543151077734793	-0.010824273080547623	-0.0005861071758427153	-0.0005407915769453661	-0.00010290027161556753	-0.0032535009323089153	1.054827985167842e-05	0.00029517072417441085	0.005234660444178426	-0.0018985683047649555	0.0004784179038099239	-0.0005313220223390544	8.19594518765307e-05	-4.7240415570364296e-05	8.498430296524668e-05	-0.023134319621252748	-0.0012526206395811086
SYN_CTRL_32	SYN_CTRL_32	-0.0017756880791354017	-0.000832844358118859	0.005392923950121046	-0.0009721781241191331	0.0052248643771342146	-0.001474924569451399	4.50852992687688e-05	0.011856212588832321	0.0014237024467192642	-0.009461412876591406	-0.0021443605363237815	0.0017081012544567656	0.0037110466654198893	-0.0022996003679812862	-0.0018933833069218005	0.005799972885458772	-8.884419713884817e-05	0.0002988747927063	0.001952206115152024	0.00023647693995401675	0.00030759798332139436	0.00024622411886083667	-0.0015659417042140323	0.00047242891617924824	-0.0012194365265498512	-0.0005860042112235432	-0.00646057846702958	-7.770708657290887e-05	0.0012721696529751942	-0.0012827738991283443	-0.0007236761804639083	-0.0007172427044230535	-0.001198102302705226	-0.005157515431568617	0.0001227677093257514	-0.00021491331582856483	0.002829288586463082	-0.00040003803981028454	0.0008666080489564086	5.510517985161068e-05	0.0035629438393205795	9.637268698396271e-05	0.0006677280445641422	-0.031488314970307005	-0.0009176679145145901
SYN_CTRL_33	SYN_CTRL_33	-0.002490147113120204	0.002845658737049133	0.004882596911339998	0.0005865078995690156	0.0019379950707393327	0.0010555413833755246	-0.00015687548583163862	0.010146497482717216	0.001274104381661028	-0.005059766793375779	-0.0027832096463506354	0.0015323686467685104	0.002625020092097769	0.0003018934213216018	-0.0014070438185880066	0.0033837739947681373	-0.00010949346793091301	0.00470111504836425	0.0021936868866388706	-0.0005612570952828581	6.717622594957835e-05	0.0016122566480566997	-0.0008287356803902697	0.0007433893469982949	0.0015061328387790418	-0.0006077950455240704	-0.012476424765722029	0.0002474634197742266	-0.004188529737227947	-0.005437834842988538	-0.0005873359958085008	-0.0004632502487881458	-0.001075202992212869	-0.0044746594732065804	0.00015086104623170563	0.0015565387230381937	-0.002331405610099583	0.000654832465280573	0.0006697397341399484	-0.0003142873338751013	-0.017393667909685464	0.0002639920820230854	0.0009131883542599781	-0.011697449957254786	-0.0023138838442933094
SYN_CTRL_34	SYN_CTRL_34	-0.0034082221792163673	0.0002546629639181361	0.0016171553482365324	0.0007689145197262602	0.0021434582656556533	0.0007033058065161568	0.00013707007606601234	0.006778505778153861	-8.397494722661849e-05	-0.013363380829547947	-0.002927867021063316	0.0013474999421387883	0.0027690463439251868	-0.004107125632413223	-0.0014797740758022663	0.0014308986467904173	0.00015982286840779416	0.0002424682239295318	0.001814817492950288	-0.0010052367164149585	-0.00033909261447039144	0.0018679380403045086	-0.0008381426144458493	-1.7326254600606944e-05	-0.003941658982220764	-0.0009250249445220418	-0.012707034849767939	0.00014552442985706705	0.0015271923606213886	-0.0101609342083814	-0.0005545359860442547	-0.0006025987785176141	-0.001329365434758963	0.0019343043730282229	0.00012555205438094836	-0.0002946659824241115	0.0057569490630978585	0.0001496018455087622	0.00043024665688375297	-1.6959848831690407e-05	-0.002362063780910598	0.0003648069072058934	0.0006312295942333067	-0.03891148560876271	-0.001999548327694417
SYN_CTRL_35	SYN_CTRL_35	-0.0038036444901984674	0.0015622403508163834	0.006215269263924785	0.0007003637210837648	0.0037046227038453534	-0.001241412367191227	7.611911695892951e-06	0.00989579401326171	0.0007197613593755554	-0.010876563698139012	-0.0034210187837809504	6.231692497650897e-05	0.002410602981142232	-0.0033588735136777324	-0.0005957044590928155	0.004663185061704162	-0.0002272767986821897	0.0013628004852721549	0.0023940160716999803	-5.8579595896408467e-05	-0.000805978407810324	0.0015544567053208391	-0.000476168885537146	0.001571050473606929	0.0002438698559241365	-0.0006584174108004685	-0.009282286151356388	-0.000113430734148753	0.0010826914398174166	-0.009510225277414765	-0.0005440392827698326	-0.0008171001582081399	-0.0012070410946075417	-0.0005243275016676967	0.00036725821282145997	0.00021260269220367336	-0.0013829325458844122	0.0005458581996947356	0.0007595635353518061	-0.00037377315618894675	0.002624978029505033	0.0004345273792778872	0.0007389507137808526	-0.02167139729513059	-9.83173663978825e-05
SYN_CTRL_36	SYN_CTRL_36	-0.00377063127803269	0.00012827957914748127	0.004599104042667586	-0.0008631074794610029	0.002034565583878977	-0.00011541482920370146	0.00018937243775342318	0.007836856482279771	8.439110419393066e-06	-0.012498165784119298	-0.002915462441470591	-0.00044090767744944613	0.0013777482637581497	-0.002875816274359039	-0.0006891700868465749	0.003898977195644681	-0.000273305474290588	0.0006367606554064337	0.002295003023595481	-0.0007276482036821538	-0.0006486762498316561	0.001305642284447048	-0.0005304735511985345	0.0008892299833665183	-0.0011161171515186989	-0.0007138271162087336	-0.012666389370480022	0.00011906449904341184	-0.0021596419874924644	-0.008021832684725644	-0.0007637804124420896	-0.0003927075880372429	-0.001810070164735505	-0.0017570212676144119	8.380131749001246e-05	0.001137671496775685	0.00030424242649911655	-0.0003440600095542767	0.00045580812247063784	-0.00027213330740638564	-0.019131745341169543	-6.994038105837038e-05	0.0006161292443202639	-0.035673826605837365	-0.0012257000652290849
SYN_CTRL_37	SYN_CTRL_37	-0.0030638761828000825	0.0013961848708248068	0.005953595020286533	0.0001392239190410306	0.004038732261704991	-0.0006382391102429128	0.00028780659114355955	0.014241106275027048	0.0021418632571965717	-0.010030037445427038	-0.002305835018853459	0.0013216177601583221	0.00047512368852114877	-0.0008214899062448682	-0.004183765297148742	0.0020200675171082438	-0.0006494649141896339	-0.0022748091691226564	0.001609509733046591	-0.0016556136381238003	-0.0009239167075033464	0.002442870222294593	0.0011075433243032933	0.003149714628180995	0.00015225951054953165	-0.0012200019654393566	-0.010702309595836032	4.7549662822449685e-05	0.00019802168470967914	-0.008547926124952874	-0.0002971791162911945	-0.0005013535745212897	-0.0009961877689308306	-0.0032707485231626395	-0.00014939284035745312	-0.0004711530294812737	-0.0015817514029474403	-0.0008887587357144516	0.0005553680968945188	-0.0003449032877561862	-0.017143426643022597	0.000163972695256577	0.0009084862086922229	-0.01499719437652395	-0.0003626634394791101
SYN_CTRL_38	SYN_CTRL_38	-0.003173425330311946	-0.00037880191046558233	0.006023801478847464	-5.81180492488227e-05	0.004187229719209009	-0.0017960292851452082	0.00021830381197143007	0.006435053697213856	-4.020768628246799e-05	-0.01582329190024957	-0.002515294140895571	0.000554166189763249	0.0022996827593515664	-0.0024817787391959766	-0.0007639069902323854	0.0030342386492345206	-0.0009655996000634919	-0.0034970136750115638	0.0018068179277214592	0.0005199272333573328	-0.00011067434058657388	0.0011321353279450845	-0.00046706355880717977	0.0013336496463051183	0.0029742598495231514	-0.0007208914322830693	-0.0058030923792202925	0.0001796256381892015	-0.0022330556537823103	-0.008448384752319033	-0.0007986020962513676	-0.0004925996810066647	-0.0014391641383310044	0.002291442523979548	-8.028993288727846e-05	0.001476050510784716	0.008088038982735132	0.00011967680494720774	0.00036383272466779823	-0.0002967292554335809	0.0005065299025986228	-3.451725133244518e-05	0.000509542086336412	-0.03648931886694138	-0.00267640137218893
SYN_CTRL_39	SYN_CTRL_39	-0.003942336335959769	-0.00040196944859573956	0.0040113793843547805	-0.0008238965423295718	0.003821326714317005	0.00024268161498408234	-1.0334093310398047e-05	0.012942387851965003	-5.8357436154230324e-05	-0.01266639599371522	-0.0033909767226726036	0.0021693153874099333	0.00255522021280885	-0.0039132047511547035	-0.004019613745805918	0.0021181144860182	-0.0007087214902956817	-0.0018656870220201014	0.0014716977027404877	-0.0010787799773914497	-0.0007126897470808531	0.0025867444559280993	-0.0007654890916117256	0.00216305689767716	0.0028270310260046297	-0.0008734137856060709	-0.00460142558804062	7.890142568646597e-05	-0.0018051553612449156	-0.009162548819295723	-0.0008558818623887445	-0.0008134384060129869	-0.001457811537613152	-0.006578481537760229	-0.0002412323910417571	0.00026717165358279874	0.0032987284356967746	-0.0014298474707869163	0.00030975399048561845	-0.0001725289121671181	0.0004942202258429303	0.00014217916320466333	0.0008778918501926198	-0.02889889349668602	-0.0003778722987438452
SYN_CTRL_40	SYN_CTRL_40	-0.003405420066396706	0.0010706921535389101	0.005228866387132536	0.0010902286057365795	0.007067221085610848	-0.0014652581088698386	0.00019774681790542278	0.005534847291972397	-0.0001103119188681547	-0.01335271297038533	-0.002763011157280559	0.0011402645763992562	0.00043558665549007	-0.00224793875650184	-0.000746726203400441	0.004250944445609101	0.0002249972260094671	-0.001582312714872645	0.002626571655577116	0.00023399854539913587	0.00014877905550917452	0.0005784050593766708	0.001675603591333255	0.002477121809075195	-7.918782452294554e-05	-0.0008104598607671195	-0.012902522413566866	0.0004977009938888446	0.0006339170986530576	-0.004094277737572822	-0.0007529987168613417	-0.0005732426379802044	-0.0013597098910590585	-0.0028319532018673283	0.0001949308151010582	0.0002715680181458706	-0.0032227512496131295	0.0003439642124699637	0.0007415896581264255	-0.0007209135433891686	0.00227797258056333	5.399907942339338e-05	0.0005914706919834675	-0.02151949551271881	-0.002257870482264271
SYN_CTRL_41	SYN_CTRL_41	-0.0024252080053820246	0.0006656279912719492	0.004252653286089874	0.0012757059988691979	0.004046817425946527	-0.0017002427827815662	0.00018517972919766752	0.016375725664029055	0.001747929662003905	-0.011154976679530781	-0.002255062525191046	0.0007690009938646597	0.0013908222578170272	-0.003941086973243118	-0.0010548190649388009	-0.00016784098222650683	-1.6437352264198353e-05	0.00021692889523822694	0.002019926968785181	-0.0007564966763553853	0.00018979989917392257	0.0026412952532035125	-0.0015160354549128734	-0.0011262949651680764	0.002469319740084349	-0.0006535546883744975	-0.012023614354546448	3.1190886908227406e-06	0.0015660629797066812	-0.005996952545036211	-0.0003317015644657169	-0.0006386245919450287	-0.0021659808206793718	-0.0025066895490391664	-0.0002357578592850148	-0.0019091507878365816	-0.000570713087394453	-0.0013797240863254164	0.0004178584656764131	-0.000508864906559008	0.0027750242909464506	0.0003685609331016277	0.0008974124853109874	-0.015511835127759057	-0.0032760996046084932
SYN_CTRL_42	SYN_CTRL_42	-0.0039771407189648856	0.00036824779754384107	0.006171429142887909	0.0008516443817041088	0.007729289220221645	-0.0009548806750953832	0.0001802479081020157	0.01613961883196607	-0.0004523828578289193	-0.010911050025757199	-0.002659260310280638	0.00019990877749714343	0.0036419483050605887	-0.0009314420880376683	-0.0020549623548315474	0.003998572937380994	-0.0002848818112925993	0.001669342381596179	0.0016996842847691006	0.00045220818535895437	-0.00043588078729295	0.0020232115884749806	-0.00033153371526295624	0.002293698742471537	-0.003352712837971853	-0.0007876892444848712	-0.014486417911653402	-1.643254553670061e-05	-0.001898244018104827	-0.008250667814187254	-0.0006576923955112507	-0.0005157474475779196	-0.001311980582362498	0.00021741208147436336	6.65250370034747e-05	0.00045621058035740344	0.0006797741960506001	0.0010640418171756936	0.00027498822700097817	-0.0004355211672053153	0.0029114187850134764	0.00038212021100770963	0.0003894713277153355	-0.028637009924948872	-0.0005268352469525074
SYN_CTRL_43	SYN_CTRL_43	-0.0019710026107654906	0.0019709350387499443	0.0033269195957235562	0.0016914097315073183	0.0045564606104177095	-0.0017824589729747993	-0.00016047313997143733	0.017461368835767863	0.00013720333320926153	-0.009628884594167412	-0.0023837878987130723	0.0020377086994255874	0.0020768178582083923	-0.0007045836726345114	0.0004704045748672326	0.001997591778005637	-1.3097300360561496e-05	0.0010306558960382407	0.0021386282114786936	-0.00202085170947487	-5.439688093006148e-05	0.0007098748441599292	-8.96470605139553e-05	0.0009067816974934307	-0.0002007031225599754	-0.0009092897150364833	-0.010538811130839848	6.073016925909747e-05	-0.00042825502934486204	-0.0033460542006984654	-0.0006691115899486015	-0.0005100627938176961	-0.0015638049599976062	-0.0031469052165933546	-0.00017456920129721283	-0.0009390094728525173	-0.0010160184576278118	-0.000913896768738204	0.0006542193572318131	-0.0002215843457315576	-0.015938276399683482	-0.00023970820031944318	0.0001375465987403586	-0.025127175816075688	0.0002083381332595298
SYN_CTRL_44	SYN_CTRL_44	-0.0030473597889327853	-0.0014991293183790715	0.005922487066021393	0.0020674797196735253	0.006013998030684366	0.0014601507991678063	-5.6201348957188035e-05	0.010995987048147651	0.0010689772803087045	-0.011486127080336701	-0.0018664061575447422	0.0020691591334712892	0.00123301862398256	-0.004812686511536413	0.0001707927325316006	0.002717048270101843	0.00022082747019619363	-0.0009776238449794186	0.002296961511264938	-0.00010064203427981606	-0.0004894700953545638	0.0016862954496470258	7.898649535556172e-05	0.00043448119798469696	-0.0036626945662565935	-0.0012762303111020512	-0.006713425057154591	3.939218426215104e-05	-0.003916562837577667	-0.012163019950445499	-0.0005037151963732168	-0.000524533642233685	-0.0013648400407240266	-0.00013393481899054056	-8.757430372684912e-05	0.0021167968378594734	9.682385560379797e-05	-0.0011268208949650486	0.0007035598639449812	-0.00014229805040874062	-0.01698183427678752	7.620431859742236e-05	0.00041370883903990525	-0.046546010638874424	-0.002769980045402092
SYN_CTRL_45	SYN_CTRL_45	-0.003027892623452326	0.0010879068387319756	0.00409052135881083	6.061331858618074e-05	0.005001190702517894	0.0012792664981057438	4.605362136863783e-05	0.009903633697661321	0.0030610457631239135	-0.014338269841221272	-0.0029546252203741523	0.0009729891283811249	0.0010083216199895163	-0.003638166929565864	-0.0036177567816474774	0.003565051539317042	2.4758735272260526e-05	-0.002304849597102779	0.002158804950964181	0.0005824395634191459	-0.0005045280110109029	0.0005024412747493792	0.0005454769408599237	0.0022305320557879735	0.0010718964682932734	-0.0005966783337644915	-0.015313079207667455	0.00019224286428567696	0.0005913028819535428	-0.00295815574144131	-0.0006639134325697795	-0.0005980207473746382	-0.0015825393891714232	-0.004453995731476615	0.0002990532613439106	-9.530428860050221e-05	0.0013849483009522345	0.001149643220785677	0.0003826910445121823	-8.54287121676188e-05	0.0014000057068399852	-3.797049866467799e-05	0.00044497081255708275	-0.014749943379846036	-0.0016568517556728583
SYN_CTRL_46	SYN_CTRL_46	-0.003943018574117138	0.0038429656216868602	0.005150616964456639	0.000288228912654684	0.003826436070074941	-0.003925935463824979	0.00035119643643383375	0.007216403874553343	-0.0001726913590859931	-0.015341746804718951	-0.0028339467630130294	0.0019677477603524504	0.00015521617765029003	-0.0026463871742500767	0.0001699023944241145	9.70869480826755e-06	-0.0003392365535552134	-0.00116684508482449	0.002085024997969271	-0.0015247530801838238	-0.0007110827416793262	0.0005885357520596773	-0.000509403574439449	0.0005190098039950286	0.0011951922682065371	-0.0004350519300881494	-0.008085830897453284	0.0001644739145210999	-0.0011211219860989743	0.0013802157146069237	-0.0010686637000824923	-0.0005755545632634546	-0.0010255979059130033	0.0008661413557253553	-5.976369073846412e-05	0.001920443277823814	0.006408965759213138	0.0016419531266997627	0.0007303250909754183	-0.00022067977948993318	0.0017942554360787343	-0.00019537223661344533	0.0006375412654321275	-0.021908309572830256	-0.0008121691607887666
SYN_CTRL_47	SYN_CTRL_47	-0.0028853493946832337	-0.001992951961050104	0.0030753901704306938	-0.0009264035360752658	0.0032526285095297184	-0.0016288959619317532	4.541856281930854e-05	0.015525355958796658	0.0016293630673503742	-0.01391575813500587	-0.0013745472697066115	0.000254559840550674	0.003389403323243085	-0.004762647596389087	-0.00294187309736069	0.0021532375585075264	0.00016176420378866854	0.0019426342742058496	0.002008250993783435	-0.0003886634488862996	6.94800646612168e-05	0.00158264424774339	-0.0003600559075762195	0.0007650729187572233	-0.00198589372759288	-0.0003829803039739122	-0.012393930880225966	0.0001502449483323896	-0.00368581967813743	0.000987285615253017	-0.0005988718267323231	-0.0004395994642059606	-0.0013123812580367333	-0.0005733753060145342	-0.0006374049107393318	-0.000811923155532133	0.0028507992392739776	-0.0004184515075742336	0.00040982671978319785	-0.0007549383049532213	0.002674387501156037	-3.161190331454154e-05	0.00039708988326725187	-0.013220124604684375	-0.0012248030572755515
SYN_CTRL_48	SYN_CTRL_48	-0.002924886871057151	-0.0020743944654619813	0.004177330152606042	-0.0008829072040221497	0.006324049729119041	-0.002888818503207396	0.00020808689330167768	0.011279294919292934	0.002820741521335459	-0.016237609639805153	-0.0021996449397928895	0.002637299682911222	-0.000160567452099536	-0.0037993538867169036	-0.001278397096238938	0.003717641680806736	-0.0005810732678916946	-0.0001965072401780206	0.0018431414596743706	-0.0012333903696543074	-0.0009228062735559666	0.0017307218666977842	-0.000519664843663533	0.00037651633728451274	-0.0008814369153309982	-0.0010419335023588872	-0.006237296879501991	0.00019258288883596613	0.009418944248048539	-0.0009780273207370023	-0.0004449839964371496	-0.0005181380904921056	-0.0018202209800097255	-0.0023182677091961217	-4.0134150232835536e-05	-0.00047464704400191824	0.0011561315920384787	0.00024661650650571087	0.00015004879919239925	0.0001961942266678366	-0.018138635925447823	0.0003870120886729609	0.0005097824174193081	-0.028853545959161217	-0.0021753979240328987
SYN_CTRL_49	SYN_CTRL_49	-0.0022694299755804566	0.0019087106223194216	0.0038700143041783632	0.000108855389268726	0.004404453004259998	-0.0005673506949785783	-0.00018288683015215069	0.009109119181827323	-0.00023312388724533643	-0.012237797542006622	-0.0033803579993559167	-3.63012853251231e-05	0.0015376113864752421	-0.00565958556542826	-0.0011510316507747861	-0.0003847812504808007	-0.0003911860687277401	0.0030522534095719033	0.0016907810014789445	-0.0004269860765614113	0.00018902233046894356	0.0015150628180471456	-0.00038000431511611276	0.0017660517132816079	0.0024337775061514014	-0.0009076897310942835	-0.009657907377321955	4.128219284541364e-05	-0.0008629173439719153	-0.007166917437624956	-0.0006096682326551159	-0.0004158759966984813	-0.001336814738918663	-0.0008626304294929816	0.0001012048594060636	-0.0012922098895915824	-0.001957734747131499	0.0005098443475005077	0.000538734749370479	8.244016280335962e-05	0.0003467469292695343	0.00035494550083483683	0.00045210987183152713	-0.03226020290212363	-0.0013803009347607702
SYN_CTRL_50	SYN_CTRL_50	-0.0030181701560569258	-0.00036771883108220783	0.0066982927851823755	-0.0006722674062968375	0.004970921144353677	-0.0001322748693939322	0.00039511751500138134	0.008435633563403653	-0.00015764202610414615	-0.009003348412313731	-0.0029900087553750734	0.003153850892854115	0.0020159073325753045	-0.0035333619081379703	-0.0006851866706737101	0.0038819715282981206	-0.0008996798730869108	6.761690576294864e-07	0.0014389923906807415	0.0006550423866911664	-0.0006249834982351998	0.0012294021051492978	-0.0010858293827699873	0.001681898607886583	0.004102912858620153	-0.0009269104362705526	-0.007547290768809316	0.000345570560905703	-0.002863496168877454	-0.012447018631890046	-0.000544508799603027	-0.0008259453776453294	-0.0016180805328728904	-0.0007870506073657219	-0.00012611561082275665	0.0006963996225816498	0.0010445686212060192	5.6882582758601285e-05	0.0002559328234815785	-3.9731954351229414e-05	0.0023138920437136045	0.00032221774173296153	0.00034070043155957794	-0.01873022071237774	-0.0006663610411753116
SYN_CTRL_51	SYN_CTRL_51	-0.0035758884551999647	0.00017403135400008603	0.004110873852637943	-0.00025474033438459607	0.005872821735221602	0.00029597576367659063	0.00020733395863790032	0.004005760185986421	-0.000264889891099761	-0.01354737262447584	-0.0028824096643714444	0.0005664542386160406	0.0009076728589209461	-0.0027649569812320035	-0.0008162373552548873	0.0038488690363114495	0.0006245838618812024	0.00013120296358708325	0.001824454881500531	-0.0021953027492936307	-0.0007669619311027111	0.0019162163968267784	-0.0008712305609351361	0.001680136626203441	0.005014226420106239	-0.0007272575091964435	-0.015577634933431499	0.00017168071604450752	-0.0029319096464936758	-0.002996376448210355	-0.0009174568543842347	-0.0004863981794811926	-0.002355131113728974	-0.006073800668691023	-1.2508518700921478e-05	0.001428342844142554	-0.0032510727934119406	-0.0009858529588953543	0.0005537232714106654	-5.612831239722711e-06	0.0027223159854252266	0.0003959476065702485	0.0008006181768273418	-0.037997525446367586	-0.0016608742163661536
SYN_CTRL_52	SYN_CTRL_52	-0.0031801197843315566	-0.00025549244349850063	0.004231086927275119	0.000506740303721236	0.0051419202600005405	-0.00016338636180309796	-0.00011846728855149471	0.005287101081178772	-0.00034652855231560235	-0.013629388640492594	-0.002987227984635329	0.001676797747370272	0.002172911499739108	-0.0007040356926243685	-0.0027160318139483404	0.0011550656249337144	-0.00012021723767048513	0.000768004340066868	0.0022558121276514582	-4.630241580655011e-05	-0.00020182748122001218	0.0011589018216041516	0.00011118904791063174	0.0014054599650599158	0.0025179128736162416	-0.0009519334455461066	-0.005862671741115048	0.00018515293099189673	-0.00012268669431853902	-0.0038975744514280273	-0.0007230683054746322	-0.00039713656654802104	-0.001811035121247266	-0.004637186167747044	8.630651245337964e-05	-0.0006156031298162454	0.0036405388342554395	0.00030082243701935827	0.0007831988674137851	-0.0002666568426028584	0.002823223868899059	-1.4375160907468116e-05	0.00012610329916319847	-0.03598877148359289	-0.0015964965374283427
SYN_CTRL_53	SYN_CTRL_53	-0.0027173463231677667	-0.0023336099819112706	0.003086572381497116	0.0007439333721029579	0.003945479670052568	-0.002016636797932433	0.00034786518193547964	0.008395350731449721	0.0011642533354710282	-0.015247268417947364	-0.0034612921375873303	0.00024590555444671937	0.002157602245974232	-0.00041057274384121724	-0.0007151148679814992	0.001088936576936274	-6.108474128249785e-05	0.0025762637149591575	0.001869679322095927	-0.0005120622369993719	0.00030751924727839207	0.0021266124031562557	0.0005866330803960874	-4.427038874288582e-05	-0.000686217274132223	-0.00040496650338457847	-0.00970620035916327	0.00023165465894553304	-0.00033788443343342684	0.0005234025240015113	-0.0009496564728467765	-0.0006505187236690831	-0.0013861771413735857	-0.0026608881637100153	-6.959131871815322e-05	0.0005297755918057801	3.819950253304185e-05	0.0014530466129020463	0.0008167881091060846	-0.000250482203884788	0.0011487436380774577	0.0002972033358687315	0.0006855454970208316	-0.03983652881322527	0.0002540276560494996
SYN_CTRL_54	SYN_CTRL_54	-0.0040729012349192874	0.002386080907569145	0.004646074927904761	-3.8548929786312095e-05	0.0022886576100194073	0.0005819525895181091	0.00018014796310078025	0.01013082456530357	-0.000689889236705972	-0.010654967347234914	-0.003504487758070611	0.0008169388820863922	0.0029771014632198603	1.251540546245889e-05	-0.0012575805114687193	0.003232131857406807	0.00017339296861867227	-0.002073997534927313	0.0016555023995839325	0.000631460314766212	-0.00044433685986311965	0.0009434436328916704	-8.448722997321095e-06	0.0009551639550674051	0.002034265104113249	-0.0011437949661361627	-0.004841599682056487	0.00037402482301849616	-0.002880414674874207	-0.007046168627574114	-0.0006262935787988974	-0.00030850230482015907	-0.0010742063278345337	4.7472561329270455e-05	6.336785324207722e-05	0.00017441992236735734	-0.0002437954881027861	-0.00013435009198686844	0.0005263087653405818	-0.0004278112614743727	-0.0012078919039956368	0.00011572164667314293	0.000719457557712033	-0.02552980800493448	-0.001834714110480319
SYN_CTRL_55	SYN_CTRL_55	-0.0028441539615267214	-0.0026708559298841785	0.005964370421690635	0.000786961762299376	0.0025775148527557423	-0.002184549988658134	-0.00018037613770957356	0.006773004444370321	0.0001860915036274234	-0.014400307332919322	-0.003824457221037586	0.00226317375488229	0.002340457158416006	-0.0032302731725222964	-0.0016971414939150544	0.0023548689343947256	-0.00028435923027890974	0.0034965120023791917	0.0018880495896526823	-0.0008069663538870168	-0.00022805763486197374	0.000880927169935563	-0.0010034813321820515	0.0016226119884593113	0.0018125578399065577	-0.0008199579629193156	-0.011589908468624267	-7.329191133034795e-05	-0.0011075323847914308	-0.007860208122501915	-0.0005816619719646908	-0.0005506620433418461	-0.0011866051721368684	-0.0016307305220584368	-8.277053113822086e-05	0.0012399610045885185	-0.002066676975219178	-0.0010571184030524618	0.000375189669122695	-0.0007844020916005752	-0.01660290542288998	0.00035597532911176526	0.000984556399459827	-0.028310689510082494	-0.0014136872099231002
SYN_CTRL_56	SYN_CTRL_56	-0.0022559518401066465	0.0011419675821117965	0.003529457197731543	0.0011037996142903824	0.005517830381628001	-0.0005262390545545634	-0.000170566193128328	0.00981988301415887	0.0010911926237397816	-0.009817741544392812	-0.002317110700120796	0.0007550984395176436	0.002607295070012983	-0.0012460553724891223	-0.0027507006085670913	0.0017746765234835662	-0.00040070157871666557	0.003493664524901728	0.0019498398878040931	-0.00022092909822255511	-0.0002126259296976294	0.0005430904267947485	0.0007458645600789406	0.002097938062069563	0.0003493738761143357	-0.0007868368314670292	-0.011382158405749729	0.0003952676279536818	0.005922954645393257	-0.003076408904611935	-0.0003917434134715286	-0.0008794219234070565	-0.0007320879965100772	-0.0005974951415101021	-0.0003706669834988544	7.3835456598105e-05	0.0002806964528758713	-0.000826814976241998	0.000656538513718259	3.5113954246523055e-05	-0.0018127112566838446	0.00016300370034860124	-0.00013693322148134794	-0.020037956189760262	-0.000977577342903977
SYN_CTRL_57	SYN_CTRL_57	-0.003258805476276983	-0.00034899645934695334	0.006364338805478723	0.0012057008287490196	0.00486563931856062	-0.0002208988382845211	-1.0024187793585608e-05	0.00881609513027132	0.001701610804663519	-0.008640193043462134	-0.00342338837051381	-0.0001740703717544396	0.002700475303328837	-0.003027663901896361	-0.0022946124156501043	0.0018051338146892028	-0.0003049633157096099	3.5116672798750855e-05	0.0015389439394209092	-0.000877593072804668	3.787534328950315e-05	0.0015018433409368895	-0.0008375628134008763	-0.0003487294568142421	0.0007083595268513256	-0.0013067161501097526	-0.0017566913490320625	0.0004769508268227405	0.0012655670600178193	0.0012927685494844572	-0.000662846092611414	-0.0006077864156254277	-0.0008554274090939585	-0.0007720087844459829	-2.6941368824006572e-05	0.0013779216673392197	0.010102274420589497	0.0012644838875084353	0.0004318037265432891	-9.503706614709017e-05	0.0006023431683937844	0.0002271267380431466	0.00014524313353166446	-0.016884908201265415	-0.001909469851687723
SYN_CTRL_58	SYN_CTRL_58	-0.0036974651100079624	-0.0028395213749561297	0.004426257392990078	-0.0005329810674492946	0.002146582710521366	-0.0016974247225218654	0.0001595586004478682	0.013532595852956778	0.0015539977861607056	-0.007919663696886223	-0.0025366970164284546	0.00274733482218314	0.0023560707808278165	-0.004684872827949289	-0.001782998433257939	0.0017206539716427618	-0.0004832543078483578	-0.005255175280979474	0.0016181672523252987	-0.0005248532861619198	-0.00016118929804586179	0.0017102308280689347	0.0004890270976733052	0.0024525993745543708	0.002326312878730448	-0.0003987372673181253	0.00030221060935645453	5.049823013411387e-05	-0.003616879244400369	-0.013424427682417273	-0.00027479639294672876	-0.0005069398923909551	-0.0011309872041767983	-0.0010292498655628275	3.412565680550668e-05	-0.0010045611419549968	0.008779371813390108	0.00019569945188129426	0.0007845947632527642	-0.0002698090479882901	-0.0006896509668030453	-0.0005308030871556212	0.0006382387151328698	-0.03171743829887929	-0.0008928978119868969
SYN_CTRL_59	SYN_CTRL_59	-0.0028775126530675094	-0.0005624071377259127	0.00270927384765846	0.0008171073778429159	0.005424667284051684	-0.00036779304329135015	0.00027635422269876425	0.00757865269318826	0.0029182515294028846	-0.006890563975243689	-0.0018761141458556987	0.001743454976714133	0.0023602118926220163	-0.005228071024840535	-0.0011156782116283636	0.005620800257973969	-0.00046227252623033926	-0.0003934661242676596	0.0020169024008166534	-0.00023966231513189502	0.00010818739798066401	0.0016962270919299175	0.000135027252903093	0.0013779041143872656	-3.644976940642426e-05	-0.0007734700702400351	-0.00422787107597356	0.00032369494882665247	-0.003546096072135717	-0.005165968372653434	-0.0006705113606176265	-0.0005911074346318545	-0.0011892959046800415	-0.0025556661671555366	-0.00022723788914710857	-0.0009361158430800712	0.0012376897358527409	0.0006516264290642066	0.0002647518740923577	-0.0002500611862418315	-0.0015514086523105318	0.00028882721685151766	0.0008795465600299577	-0.039660364443024614	-0.0010121455564205096
SYN_CTRL_60	SYN_CTRL_60	-0.0034361409732024902	-0.002218574600808355	0.004070424143920473	0.00038495703185359773	0.004453615732346457	-0.003316123056788595	-3.716145333911914e-05	0.007030816379817681	0.0017134070927692772	-0.012998050227545587	-0.003066202107153308	0.0007422507928549535	0.0015327160391843178	-0.0005260836876830488	0.0008163508492098144	0.0032166245616873303	-8.974285798841599e-05	0.00029866220901350745	0.0024799861802694435	-0.0025196756878496543	-0.00027008199434270803	0.0008468379836815493	-0.000467823411592648	0.002212204609079652	-0.0005168153090342394	-0.0007694995725958578	-0.010306140511249664	0.00047768431764114134	-0.001343246797852333	-0.006447234967118654	-0.00047034126151794444	-0.000303381203237629	-0.0011922612642557605	0.0004490797004393123	3.8043958533533974e-05	-1.068285647337703e-05	-0.00021195008353215176	0.0005614934621685651	0.0004747322485706141	-0.00043278534253170584	4.270339052041642e-05	0.00033880003843692817	0.0006188312058486594	-0.028915013670479432	-0.004220759104586931
SYN_CTRL_61	SYN_CTRL_61	-0.0036319352473359414	0.0020725206218609087	0.0037606712989513473	0.0004308323157037585	0.006084249385026407	-0.0006768079977055586	0.0001257451973780479	0.007357133737916022	3.835649005245125e-05	-0.010749670526015971	-0.0033510548471238936	0.0018791525396689322	0.0024026900835081846	-0.0019608375510623767	0.0003580032182728436	0.0038014864245473163	-0.00026948411385748964	0.0028366443467367475	0.0018698297240627294	-0.0007349245719673685	0.0003771282549168546	0.0011694266764215298	0.00018689715857751713	-0.00029827806189482186	0.0008569077032580086	-0.0007957989267952674	-0.005701454272575005	0.00012572312015481256	-0.0001089065926720786	-0.0031245844894430812	-0.0003582327437827186	-0.00045965941776411547	-0.0014685791239526117	-0.0012328084912922562	-5.9560644787862215e-05	0.00120751232856229	-0.00043732778256779854	-0.00014655536122084513	0.0008763734619585419	-8.106320905432158e-05	9.083589285147057e-05	-0.00010843635242494643	0.0006922432084524066	-0.014044104843381115	-0.0013510388998323954
SYN_CTRL_62	SYN_CTRL_62	-0.0023048193779186548	0.0030144843670335112	0.004569111920082177	-0.00061508461688759	0.0051573935766702885	-0.0015547359807130073	2.4082611031906456e-05	0.011010259453623234	0.001429261589198214	-0.013973981930432368	-0.0035714562989572645	0.001290333719785747	0.0013857966116611956	-0.001271307782896337	0.00019806230939806895	0.00486711421296585	-0.00015661605708723584	0.0014218461528493864	0.0016048779072402222	-0.0005120896195633367	-0.0005125580536943562	0.0018616718174725867	-0.0029894875415012023	-0.0026560915208529282	0.004484597874310429	-0.0008099901731259194	-0.007846766063181864	0.00011275553172298108	0.0005169253674996097	-0.010052834563379838	-0.0005477755963375306	-0.0007663925543928472	-0.0013474832930210057	-0.0003052615535944597	-0.0002282705493259007	0.002347889061602515	0.004889315406114532	0.0003242937147971745	0.0009144514495110295	-7.183427866836138e-05	-0.016912984011295897	0.00025833875193523873	0.000778970895426213	-0.008353232314419569	-0.0025513648156121178
SYN_CTRL_63	SYN_CTRL_63	-0.0025281720229127004	0.0006563229946804082	0.0026685340789209173	-0.0012567205027698993	0.004187755360286078	-0.0012058863788799888	0.0001778202149577959	0.012165327176054288	0.0031695813571933373	-0.014954543181305855	-0.002369760142778157	0.0009218859885200059	0.002492953019069932	-0.0008746199778189685	-0.0012239729132236614	0.0017295775206810464	0.00023847961145999276	0.0005606966122921621	0.0019489210020152158	-0.0004043658704728475	-0.0003678450907576891	0.00180964223080152	-0.0007704045605196935	0.0017535143740288423	0.001884720005304646	-0.0006256092567239465	-0.010380625253328663	0.0003923676988522714	-0.00029306800279905543	0.0005475583106319737	-0.0007842767957000898	-0.0005454522336734359	-0.0010160286661281383	-0.0027515068949264675	-0.00014795637713994414	0.00012859018181021121	0.0004935327756725542	-0.0013132996037276158	0.000615840854489939	-0.00038041805074910857	-0.0006284539619734698	-0.00040851033800228654	0.0009574068395528389	-0.03202148075168409	-0.0028054779917481257
SYN_CTRL_64	SYN_CTRL_64	-0.0034137298836524315	4.801399810041631e-05	0.0019584318412983956	0.0004083732108790502	0.004170525238984702	-0.0024514043061283205	8.47372006487172e-05	0.008555927779073276	-0.0006362824403516753	-0.016050818815538485	-0.002838072473304393	0.0026088277171828094	0.0016238055100662018	-0.003289565425918743	-0.003116580280887635	0.0015372386639661817	-0.00047994426937797343	0.0022726949374323848	0.0020157673774223385	-0.00031157497405849565	-0.00018610662285457443	0.000789623534823448	-0.0032786263907292864	-0.0009891929394871652	-0.0008934759348376698	-0.0007307428448381963	-0.012842871579095689	1.884894729061197e-05	-0.005085299019901817	-0.015733283039733925	-0.00045333929726713883	-0.000587286171521279	-0.0013772281106393977	-0.0014637050817756865	-7.529858810367769e-05	0.00019137880367299957	0.005286146284486894	-0.0002435485377362644	0.00033270244054364127	-0.0004794535666121861	-0.013979918038469647	0.00018468656706958293	0.0005582659721818506	-0.00967950803960565	-0.0030555314771451994
SYN_CTRL_65	SYN_CTRL_65	-0.0016463698599405371	-0.0014214660006415893	0.001790064830002618	-0.0008675412001010776	0.0062696558330816235	-0.0001832544823559973	5.024271086806893e-05	0.007913193641815086	0.0001346389635285423	-0.011603212430363968	-0.002547557948575685	0.001018095724227742	0.0021085646373724893	-0.0017477419078543535	-0.0010247609282882358	0.00027144008948325204	0.00014845817567953903	0.0006569277265879872	0.0022065809569271695	0.000862393954133379	-0.00031426406054635013	0.00119480092178199	-0.0012383260023344014	0.0005833995319875626	0.00442680619134315	-0.001481605389401195	-0.01204685213642737	0.00013648119527078027	0.0010475785022519162	-0.0018254700518436657	-0.0005999877854256743	-0.0003868814423768557	-0.0004742326084300875	-0.0016544881755349043	6.224666536318901e-05	-0.0011724460448784145	0.0036866075951009387	-0.0009508702476794085	0.0008451288305479187	-0.00021697532470321945	0.0020666009398495524	0.00023493053166090714	0.0004945692162399215	-0.03995244239957699	0.0003468215347224911
SYN_CTRL_66	SYN_CTRL_66	-0.0021858909680579582	-0.0016615946656296527	0.0033614175684157665	0.0006083979792286673	0.0034766508256234	-0.0008214138877835202	0.0002199801916354834	0.013613676637065445	0.0017022602692092523	-0.011721412398718921	-0.0025352801102000626	0.0005477297055762349	0.002720464819273597	-0.0032812255666689557	-0.0014726298732118098	0.0014892620254579455	-0.0002173784508692151	0.00045314750662694156	0.0018960554529973608	-0.0008203852982443219	-6.376152386039543e-05	0.0015961576463302863	-1.945974417233432e-05	0.0009927023507667995	-0.001204286635778547	-0.0003180749397300105	-0.012304479019117461	0.0002747708385502963	0.0004389035140623107	-0.010017583164061946	-0.0006447029083978753	-0.00045508095518110783	-0.001529714289134455	-0.004379220041559298	-4.4953522491961014e-05	0.0003851166180666156	0.00015713328852057248	-0.0008845208056098562	0.0006944810640466276	-0.00028029384534670695	-0.03360787288937286	-5.581244301529221e-05	0.00041842507129948595	-0.025167296801164075	-0.001358169416178173
SYN_CTRL_67	SYN_CTRL_67	-0.003294429174882162	-0.0014336569124137658	0.004386315910747756	-0.0007428493497709049	0.004512887520739333	-3.8090212765285014e-05	0.0002114824176697067	0.009253651131170777	-8.456257266196393e-05	-0.01300635704277735	-0.0035491206479204597	0.0002062088810709745	0.002170825086857542	-0.004778281189587958	-0.0030280596642379047	0.00323351447413717	-0.0003706361384380045	0.0016394193243928345	0.0019498635574433769	-0.0003692423203430622	0.0001492554699339339	0.0009646453675695575	0.0005022281797608639	0.002094694581392819	-0.001829727493752922	-0.00046738713495628344	-0.00958639685313723	0.00030492239706529515	-0.0021188253588310803	-0.010010982070072134	-0.0007140219488679951	-0.0004343633743070728	-0.0017131341736882034	-0.0015448851583633495	-0.0002004305260444635	0.0009178555494840873	0.004393426445050697	-0.0011512665182411605	0.0004639349340108338	-0.00014234536928395988	-0.01788925104386934	0.0002875339487586612	0.0003727193221941537	-0.008192234594829198	-0.0013636452153412203
SYN_CTRL_68	SYN_CTRL_68	-0.004247025490899511	0.0022042881681186843	0.005643970702518493	0.0010105268095967161	0.004743735231838879	0.000775941760193578	0.0004266695082103115	0.005553595441821245	0.0014508253654729971	-0.008023210026365916	-0.002589071469255816	0.0003803450917324227	0.0018852907378057511	-0.0029110540547101884	-0.0025984174665557077	0.0015981489152022146	-8.548056110882249e-05	0.0010669068482754038	0.002678586206325206	0.0002101334717482256	-0.00044942891538154653	0.001398508444182974	-1.811356400118148e-05	0.0013085843409309024	-0.0017194242720822424	-0.000758521188907807	-0.013118713632192533	0.00020401584559346156	0.0007065066534144102	-0.006470098983269538	-0.0005798243651564693	-0.00035399853906582877	-0.0015071839463630182	-0.0012058835310907166	5.8786751381069596e-05	0.00013385372387931879	0.004359692979382434	0.0006964849453520552	0.000729447753022388	-0.00045848571055343967	-0.0003296303424826702	8.907706897425541e-05	0.0009563438690251653	-0.04726235904441406	0.0014193996880729161
SYN_CTRL_69	SYN_CTRL_69	-0.0022814702346429833	0.003466745526212612	0.002170740065806548	-0.00029584320222139654	0.004609801323930071	-0.0036146097395280273	0.00011676176707557419	0.012865752335376493	0.001116623151735666	-0.010272234641688157	-0.002745269814678864	0.0018565019855638918	0.002445348669871342	-0.000656742378907125	-0.004666567089351967	0.005246151761549986	0.0005288662212823271	0.003925596503765721	0.0017949906028450736	-0.0011185705184625137	8.145047460042722e-05	2.4827855248346425e-05	-0.0015842321368252988	-0.00015586959184904665	-0.0012980771232966148	-0.0011211364118923423	-0.010747139859414582	0.00014184918209767815	-0.0009082292208925412	-0.010121954780298334	-0.00044269970876966645	-0.0006123850317815684	-0.002023263601114599	0.00015945905961200157	-0.0001670400649422934	-0.00011752958977311647	-0.0018693610975961212	-0.0029718327545294196	0.0005569359138904571	-0.00013918677224214636	-0.002308500465164023	0.0002245556129800741	0.0004483834246673861	-0.025221518034012513	-0.002839144014574359
SYN_CTRL_70	SYN_CTRL_70	-0.004073899987028932	0.002034651914182066	0.005171409692574458	0.0010055544990248103	0.004923086193781985	-0.001141153527940894	0.00013759614438717385	0.010335011298980661	0.00021976295725777153	-0.015092537000349963	-0.0018172512466765466	0.0020273420675245386	0.0026390893467415173	-0.0004591052508725508	-0.00044661860924022654	0.0027025500686465183	-0.0007510382845999892	0.0017392204600173598	0.0021231732423015555	-0.0004535146565065436	0.0002344752466562186	0.00018197424414809045	-0.0001273473479281987	-7.00795909732183e-05	-0.0020685608375968514	-0.00045765413535742735	-0.008686046248212863	0.00021185116899769696	-0.0023039096738053638	-0.0025988454104958164	-0.00038907571319798386	-0.000736463533243516	-0.0012568581816951145	0.001196333607010998	3.258904527539984e-05	0.0004285395532964099	-0.003843600642790819	9.289962528228184e-05	0.000515490129137163	-9.598557383928644e-05	0.0016448187233200759	0.0004759856895690301	-9.420980706221867e-05	-0.01813832552411667	-0.001200013393702596
SYN_CTRL_71	SYN_CTRL_71	-0.003799594825718033	-0.001653780370306195	0.007082271747262933	0.00039127825253493464	0.00354933670472631	-0.00246168705832048	0.000278309140420017	0.011744014195578835	0.00012106266431761645	-0.00787178512765004	-0.0021027031079692087	0.0024374568632869833	0.0022320249426577747	-0.0015466807667737737	0.0013626394092257166	0.0030720120263567872	-0.0003222761527253626	0.0006516786692215756	0.002043182977359551	0.0005182499543923624	-0.0003915211706689635	0.0006164500893140622	-0.0022106407188621753	-9.09105205290212e-05	0.0034818951096224535	-0.000614001853464137	-0.008197272573710942	0.00012146930812828442	0.003980016621100814	-0.008369973334334247	-0.0006239910758915509	-0.000466160307657297	-0.0014806903724801678	-0.0005128478849445341	-9.387205146453082e-05	0.0004103611232149331	0.0023047602312465452	-0.0007342921498157016	0.0004978621486642013	-0.00035155459996674964	0.0015250282417667972	-0.0008819544927936695	0.00044830538336188675	0.009700973081556064	-0.003077396185047657
SYN_CTRL_72	SYN_CTRL_72	-0.0026436750139227725	0.0003197364434693209	0.0050008232058597534	0.00048566650122103434	0.0040003994104057675	0.00029014163115725374	0.00024414434667980873	0.014528333807464542	0.0011572945095438124	-0.006128111955621499	-0.002700965512393454	0.001219580832471992	0.0017357418414156846	-0.005745702381890358	0.0004624139550515135	0.003934653160482161	-0.0005949916688544419	0.0012381240325697689	0.001930780531607314	-0.0012197993787182876	-0.000310571600201292	0.001539240938199305	-0.0007551808993539699	0.00018847138011553907	0.0011493251047992286	-0.0007785349237690706	-0.009054571663583469	3.829722249923217e-05	-0.001537570926916955	-0.002544508551833837	-0.0007073253311117861	-0.0005838285406045659	-0.0011323791765837457	-0.0015301301944783273	-0.00021566317734936615	-0.0006617600308545401	-0.00024751625633781174	-0.0019628102009371776	0.0006978896988638498	-6.376564289526485e-05	0.0012697425045374848	-0.00041600759735621395	0.0013756724126977812	-0.03879258032722067	-0.0014975436322795432
SYN_CTRL_73	SYN_CTRL_73	-0.003149937173121898	-0.001945763779083054	0.004954875583013495	0.0014146614212608487	0.0034562687874479503	-0.0007391872075948014	0.0003045517826072741	0.008049095900023175	0.0003478053295235495	-0.010630006556272687	-0.0030060208411245445	0.0012978544949293041	0.0018315913132570098	-0.004041687585878998	-0.0027734721636247517	0.0036357521106137386	5.1289930942850534e-05	-0.0014719762052567773	0.002698589860000839	-0.00028350067422893213	-0.0007442077721746356	0.00186268553074465	0.0006548559281930981	0.0020121027671459687	0.0038757879476494614	-0.0007784912274248773	-0.0008377624480591265	0.0001626107167827767	-0.000638129692956402	-0.007984297040720451	-0.00042568555536271705	-0.0004503624327003858	-0.0013327504411869316	-0.003461203113079428	-0.00010858144758511995	0.0006175358703151747	0.003354940622149388	-0.0008502420458403083	0.00043517171790965516	-7.75850365585844e-05	1.1007694562779332e-05	7.95231783808752e-05	0.0008626039483646111	-0.0399440397861298	-0.003050201296191768
SYN_CTRL_74	SYN_CTRL_74	-0.0017356756649002398	0.0024324448587569165	0.005071590825639008	-0.00148079616496258	0.0037461291879340593	0.0005553638376835617	8.528055958354947e-05	0.009325446349452498	-0.0002157207332304052	-0.011249417646347614	-0.002817666009566669	0.0001697280610587309	0.0025753735233253047	-0.002633615567697254	-0.0012012940907649289	0.001617889676255856	-9.688525411074048e-05	0.00316940800072667	0.0018086046642306296	-0.0009124463909892343	-1.3118864111962433e-05	0.0015905670614871387	-0.0008691850308334571	0.0008145150511181551	-0.0011453911012566315	-0.0007790709501296639	-0.005589855128425637	-0.00010193219398224467	-0.004848969119644245	-0.010283886650060524	-0.0006091462010488103	-0.0008301418996754743	-0.0020945284936676255	-0.0005256311135567551	0.00013338031836360116	-0.001436232675527531	0.00045313373932697045	-0.0015240449625830664	0.0008346917183665867	-5.433358055861774e-05	0.0022217286635282936	-0.0005981188529849895	0.0003141166987135672	-0.03804811029128551	-0.002432487245226686
SYN_CTRL_75	SYN_CTRL_75	-0.0022847663735886324	-0.0009421152596271819	0.0063010317470810024	0.00016884330726213328	0.002659421923656903	-0.003873937473639954	0.00033943566311026263	0.007617765120264116	0.00015011183684422583	-0.010887152851061423	-0.0028004370837851067	0.0006106008145591726	0.0023404479788057377	-0.004617163172256834	-0.001649122585419314	0.0012912683974435736	-0.00021857242165224157	0.001688153723707137	0.0018027042782318824	0.0008115130754676212	-0.0007018339809184102	0.001557879239109304	8.512848299921863e-05	0.001429957480692945	2.8211728602131283e-05	-0.0005934848465564032	-0.01348015183477268	0.0003420285906635194	-0.0022953447615517747	-0.003922428203013033	-0.0006886713123431213	-0.0006535060211214406	-0.001423331434197951	-0.004837840890235472	0.00010377750821426835	-0.0011660721937839862	0.0055745724058561	-0.0007018604276685553	0.0007553281108118935	-0.00016400681474780984	-0.0010050078869790905	0.0002201321197586257	0.0002554159285305077	-0.029610379880891224	-0.0006932158426082956
SYN_CTRL_76	SYN_CTRL_76	-0.003972240234785353	-0.0013385983793045178	0.003686743040897239	0.0014984783859531897	0.006052327219109925	-0.0022126862132795526	0.00016112834892190376	0.009552366952857456	0.001544661278314953	-0.012515769264991984	-0.0015557025783443977	0.000786032173854779	0.0018412001513523144	-0.0034913334465307565	0.00043037444161255026	0.0026634257225110047	-0.00022718426178761062	0.0017466202215012973	0.0018035937111681329	-0.0013310643693423576	-0.0002821499054845063	0.000649969369289688	-0.0010221739518515962	0.0007922517097464026	0.00019355693266555918	-0.0009762572810584467	-0.012532232074689401	0.00038408617716400364	-0.006273707705138533	-0.00821030704225643	-0.0006126215673175429	-0.0006048428572927407	-0.0013058089131403221	-0.0002539573977019023	0.00016505887825117723	0.0008598039464839464	0.001709151463310733	0.0015566743241895349	0.00025257816262361455	-0.00024352863883535115	-0.016498219403092946	0.0006498478602913492	0.0009023761703150331	-0.033383050311178566	-0.0020204964302865
SYN_CTRL_77	SYN_CTRL_77	-0.0025855570679902302	0.0005282123700796132	0.004951851970898967	0.00027048281151526347	0.004302399826824406	-0.002327250001480528	0.0005763258123959884	0.013287440016016921	0.0024628030902688947	-0.009201360464224557	-0.0029652894550471548	0.0011790539190982582	0.0010978261762859154	-0.003721790535748206	-0.0011948274550995699	0.0033318895076901176	-9.521224369630453e-05	-0.004436770176948515	0.0015866222920276024	-0.0028634018543991697	0.00010793430132449385	0.0007763847536019625	-0.00019044092906656958	0.0005898276526246928	0.0017123313938356176	-0.00038004316945731173	-0.008480058723112536	0.0001745781501347257	-0.001997470608981409	-0.011332965375562984	-0.0010241732019538004	-0.000345428871056731	-0.0016856546694423386	-0.003159763022817984	0.0003129309195698789	0.0010634103191859577	-0.0024738708841286153	0.0007724889242107674	0.0010238067269904868	-0.00014569492057067606	0.0005357698066555778	0.0001404281257504098	0.0009296601084160896	-0.02950897339466561	-0.002044355987534628
SYN_CTRL_78	SYN_CTRL_78	-0.004025917513708171	-0.0022989732240303535	0.003697315968453623	6.855759190208769e-05	0.0031961031256159777	-0.0005314159585783676	0.00014038297802888876	0.014466955505585969	-0.000345786400593998	-0.010662815038167704	-0.0023041231501234765	5.834923471019618e-05	0.0008330046743529226	0.00032865722127360176	-0.0019183193164450663	-0.00018370390863414493	-0.0008946521061947199	-0.001539615975223937	0.002099232381027855	0.00018928654451249444	-7.338760240028901e-05	0.0024345095579105074	-0.0006858050317231412	0.00047326051454067936	0.002210847946084821	-0.0005325762460637568	-0.008733748302836299	0.00014628077459937438	-0.003316226350293534	-0.011596449782923736	-0.00044770975381255645	-0.00030747153664555517	-0.0022112170514545382	-0.0026421178912211765	-6.355753943605609e-05	-0.0012571675857894204	-0.001919668940215012	0.0013813107112930986	0.0003999664552776393	-0.0002876310557239884	0.001490063187456385	0.00028537151071824734	0.0005111073704803638	-0.02990013529128912	-0.003001398227390939
SYN_CTRL_79	SYN_CTRL_79	-0.002591253827981454	-0.003968639863967747	0.003951112980392444	-0.00012357522132590534	0.0032230073730733413	-0.003897874789175811	0.00011475516164890911	0.01515696824251816	0.0020523470030220487	-0.010026597633076494	-0.0032113163145933714	0.002145872770266543	0.0013282620884424812	-0.004452779038569426	-0.0009523439322507432	0.0010604639504379785	4.913145780582219e-05	-0.0006858112816952404	0.0017176256320070456	-0.0006480657245745418	0.0003035718168698546	0.0003527794899348024	-0.0009567959678816328	-0.0006089882716666441	0.001303449950208937	-0.00032315264740488973	-0.01131456877401664	-2.347060245263696e-05	0.0006484931711950384	-0.008850823904202023	-0.000438673489387712	-0.0006197901892420424	-0.0012757895604993885	-0.002208044551296467	-0.00010030783730295738	2.9970379540302933e-05	0.0025840628533589922	-0.0013992099605944549	0.0006707634113036201	-0.00031180212682013075	0.003130172428150382	0.0005677851156979907	0.000765266130523663	-0.02390642993300537	-2.0316562565328933e-05
SYN_CTRL_80	SYN_CTRL_80	-0.003500147157074333	0.0015916553494113323	0.0026231120762326534	-0.00041958047719185923	0.0037336863532944167	0.0003775711391162281	0.000275696454282647	0.013041233320694314	0.0017977925602260768	-0.016412881505400188	-0.0036688253640646796	0.0013918949685067514	0.001831383593342702	0.00010046456379575079	-0.0006988304773079456	0.0007058186852685511	8.59141557756696e-06	-0.001769119315531747	0.002051829369071012	-0.00021867076115753248	0.0005607766833036675	0.0012247350292504276	-0.00042280579616770864	0.0009585984375624663	-0.0005120040004343675	-0.0008784784453275809	-0.008188959508017245	4.924431976622058e-05	0.0011008859476384094	-0.0032202118480002023	-0.0004846481549152495	-0.0005930675056306006	-0.001093125640661529	0.0011744482848956325	2.98783764372596e-05	-3.0504499424458055e-05	0.002089396490557638	-0.0015010720826413781	0.00029641664631429383	-0.00011351004277823922	-0.00037440015726674476	0.00028309841730803206	0.0008461373466366834	-0.05017609072756145	0.0006438391116263232
SYN_CTRL_81	SYN_CTRL_81	-0.0029791459482563097	-0.004372717790615966	0.00359898256258932	0.00017199126205334094	0.0029787115861392367	0.0012505975855597663	1.015776380111944e-05	0.0048131237180355545	0.00024265635895316258	-0.013918875882153696	-0.002467557405605174	0.00023821528942268337	0.0019942399422933853	-0.004949267597718061	-0.0021823554663298714	0.0050795263939319045	-4.8381966161547166e-05	-0.0010429367740734197	0.0018238879097679198	0.00028685519273914076	-0.0003098380140794933	0.0012790785167790847	-0.000710998491528759	0.00031668740031389153	0.002046305358649104	-0.0009225740474719883	-0.013563728828591744	0.00036255080767595244	-0.003050181307904374	-0.006496190517026954	-0.0004902838291240911	-0.0006286821602614729	-0.0013704666278148846	-0.005777735825454361	0.00025434785773952484	-0.000382146486486552	0.0016533783098188314	-0.000578040017751908	0.00039200359871051615	-0.0001910633657154224	0.002418533597267741	0.00020015513681058934	0.0004928627057317592	-0.0319671875142755	-0.00023332611635470585
SYN_CTRL_82	SYN_CTRL_82	-0.0035887470302735326	0.00042468871494586417	0.005690673287191769	-0.00010879533075977946	0.003530474372723093	0.0008956850311313448	6.478572241481933e-05	0.00970558976008141	0.0028177577176151498	-0.010230087794110772	-0.0030276861313141947	0.000492125072714874	0.0005573956318672785	-0.0024449194911691967	-0.0017337405550352108	0.002387785719878471	0.0005515862790004852	-0.004645205158482024	0.0015523119825582728	3.4768389913619096e-05	-0.00046994748089156785	0.002196122932000421	-0.0011464498566811515	0.0018954521687752014	0.0017469755394206963	-0.0010389989661910217	-0.015623076167208197	5.962658758120476e-05	-0.004151769189170487	-0.008335498902470012	-0.0005911137226179317	-0.0005389086993850005	-0.0009764722227183097	-0.002663241084742225	-4.433973499405814e-05	-0.0001781842728172434	0.0015870804625740171	-0.001653551984652922	0.0005564888311105083	-3.25955371113745e-05	-0.003095907204051833	5.98319508346334e-06	0.0005711145709385075	-0.04408215434293563	-0.0022390851914175025
SYN_CTRL_83	SYN_CTRL_83	-0.003437646841713034	0.0029753018647935676	0.004188885434745574	0.0009072087169859104	0.005225876174272454	0.001078526899146375	-5.3809648290404065e-05	0.009488434815548782	-6.386118359562083e-05	-0.01196623719248643	-0.0037424947362457205	0.0012937139829704363	0.0022691154897582725	-0.002561876248401838	-0.0016657024700952236	0.003057848673211187	0.00014235145576258778	0.0005919231069596869	0.001592689392331172	-0.0020010964906667632	-1.5660592145483836e-05	0.0018272409835351174	-0.001234434337023162	-0.0002774518538446849	0.0036345802478228847	-0.0009839926167770983	-0.013007343293576177	0.00017154440905491135	-0.0015004427033251501	-0.004470744552698384	-0.0006702185377254791	-0.0005399157505100088	-0.0013164244693626083	-0.009452899306371746	-8.211956585250582e-05	0.00019394070476538432	0.0020746049448923808	-0.0024495565681804275	0.0009082745107203413	-0.0005864094344447129	-0.0005774132892003632	0.0001981298515309627	0.0002781038232603945	-0.042637531374918165	-0.0010866208053206554
SYN_CTRL_84	SYN_CTRL_84	-0.0029291445498007386	0.0014747985049921035	0.0036366194371105277	0.00042783644210428896	0.005286229510628666	-0.0011813592807998975	0.00018446967411694793	0.00457969688482049	0.0012040260722559729	-0.006518267422055508	-0.003543637068050854	-0.00022483996135799186	0.0019284379434806119	-0.00016347924888982844	-0.0015464722813014762	0.005964948952211286	-0.00029521732562576465	0.0008151860621338702	0.0024089449948695987	-0.0028395222486073193	0.00020466666780757426	0.001639459085172858	-0.0019084463710934364	-0.00026814533219869473	0.0018543048137476196	-0.0008738449001182672	-0.011943948518453958	0.00035872011495626953	-0.006730004045948887	-0.005650981663966027	-0.000730675771536451	-0.0006178461586179972	-0.0007818194597133722	-0.0016812218043830535	-0.0004334163651871275	-0.0012583571671294252	0.007378529875619737	-0.0010962278613109752	0.0006031041622797935	-0.0004033665089592792	-0.018342039505892874	-1.2595646687242612e-05	0.0006422046597360611	-0.004382280799097638	-0.0020941046002586044
SYN_CTRL_85	SYN_CTRL_85	-0.002988750893691751	0.00030712181470226354	0.0034820149362205476	0.0008613202142451154	0.004028596773596233	0.0001451529279973515	0.0004068722903473097	0.005709254220227618	7.459672453287523e-05	-0.01174556104601977	-0.002106476982487686	0.0006360436333802772	0.0018807780473495232	-0.0012742778504380755	-0.00132901453389528	0.0005824776912156103	9.889421771338357e-05	0.0003329352041026981	0.0017625131906664599	-0.0005761955698670724	-0.0002558769196951596	0.0021566846554269465	-7.321362200559908e-05	0.0008302570325019299	9.948221093206453e-06	-7.267260789607211e-05	-0.007216883547627015	0.00038651163550540657	-0.0017000359424699466	-0.0008214174454545918	-0.0005168481818101253	-0.000672167222737387	-0.0008874092027465848	-0.00016422395587883346	2.225243907744382e-05	0.0007870938985960693	0.003305619712803884	0.00019113377679087946	0.0003097786233715374	-0.0006224815808944975	-0.0006787593323670907	-0.00015011771799399096	0.0005515555075323589	-0.014223703442766647	-0.0007663489154884165
SYN_CTRL_86	SYN_CTRL_86	-0.0020811085886806033	2.0675155535778214e-05	0.005197599568020386	0.0011942582934972262	0.00307072020921326	-0.001557040393506791	0.0001312099660558109	0.01400171796536218	0.00012015908360176387	-0.010548566314236122	-0.0023601425727461205	0.0006883646437219934	0.002138476761421021	-0.0008513763206641426	-0.00012557246537423018	0.0023798795291648345	-0.00030328447744142235	0.0008586950683690159	0.0022472139567210852	-2.662192468410926e-05	-6.598192613894372e-05	0.0010017106943094492	-0.0005223512532430384	0.001737350476849274	0.0007254869872578557	-0.0003319066520908977	-0.010046279863401682	0.00015203347398217042	-0.003299923971540035	-0.007863402329878047	-0.0005717979805067162	-0.00037742884866056323	-0.001153185919285803	-0.0038427540129693295	-0.00025420349561941654	-5.6548331200102515e-05	0.000945805538476148	-0.001519187525758023	0.0007373516095184566	-0.00029152851033069057	-0.0006781172909257315	7.884951029736796e-07	1.7773555869163437e-05	-0.027039026980879597	-0.0018780302269254241
SYN_CTRL_87	SYN_CTRL_87	-0.003670957657589571	0.004217640166077731	0.005035788812052977	-0.000641721325774257	0.004531502101049192	0.00017789636211639696	0.0003089863411004439	0.011156304214652083	0.00023432657087994356	-0.007194924921235571	-0.003182646957913048	0.0016054101064311682	0.002622588708282334	-0.0029471276429158004	-0.005689139282343918	0.001843409697093352	0.0004365606350190211	0.0005698182685584037	0.002058470268862912	-1.6484099202188378e-05	-0.00036974371480925775	0.0019886681889707994	-0.0001551404239885822	0.0005758570422348555	0.0012499706928705686	-0.0007510967068127883	-0.009845145720250841	7.71303053446793e-05	-0.004274510003565243	-0.0044078795408607875	-0.00033579066473368393	-0.0007179433908296986	-0.0017979968036504084	0.000307867850533767	-0.0001301386281715914	0.0005171074811810192	0.004227047342362162	0.0005289886555745044	0.0007019175475912801	-0.00030474871856814707	0.0031432055327439514	-0.0003668814039612023	0.0006574285216564156	-0.030114899417790744	-0.0011057890255911412
SYN_CTRL_88	SYN_CTRL_88	-0.0020078517378882936	-0.0013415303448605193	0.004273585792771508	-0.0006802771540576016	0.0044642346914569985	-0.0015810489985446188	9.125921002297364e-05	0.006601326971982874	-0.00040038961394282477	-0.014870171616457458	-0.0031669964563500927	-0.00010486203959712106	0.0037487515210216757	-0.00042558287287741545	-0.0012830336087179127	0.0029254955721371243	0.00013009262733831327	0.0014809881353273569	0.0019692235850299776	-0.0015655014880182477	-0.00016747377152123526	0.0014558428309464325	-0.0008139832012200353	0.0003784650598142028	-0.0013286468906098215	-0.0004014887056617722	-0.007835837901135465	0.0001854960471177211	0.0020647714314756182	-0.008158401911551127	-0.0007263290020505039	-0.0005978298492685528	-0.0011801856841268355	-0.0037010275687998054	-0.00024751809098331627	-0.0007694286092112504	-0.0009845110315175847	-0.001350795563045941	0.0005541954077540872	-6.31196428362401e-05	0.001557381336396436	-0.00026024737296181515	0.00035881547254288965	-0.020487251282649728	-0.001485352389359777
SYN_CTRL_89	SYN_CTRL_89	-0.0019531138715602433	0.0004949789245335018	0.004036508096807487	0.0007674968127277832	0.003282365507077505	-0.0016566340285485886	0.0003450976600429132	0.008180941778349198	-0.000170824506061163	-0.006730209536268521	-0.0031064585947791963	0.00046305732866846534	0.002513195075191631	-0.0029527588252514897	0.00012547381998030064	0.005244082406539771	-0.0005819414941936284	-0.0016199861024416146	0.0017527098903965398	-0.0024854218372425143	-0.00018570721900345536	0.0011724247391754566	-0.0017063019153417233	-0.00035235172228849734	-0.0007355501453488654	-0.0005141238409845795	-0.011557962276051615	0.0002522685156619397	-0.003017921156287049	-0.00029015836462693335	-0.0007381853418402983	-0.0006664958216987606	-0.0010655612453086178	-0.00035636745713122107	-0.0002768798636101848	-0.0006545880614457826	-0.002539303312973489	-2.972667825869039e-05	0.0009215307653843707	6.795938684831878e-05	-0.0169005847895269	0.0002805600911639727	0.00020095969175557303	-0.03083506006515499	0.0003397422727141731
SYN_CTRL_90	SYN_CTRL_90	-0.0010722488258443719	0.0017072390334367485	0.00438564950075652	4.853533111012296e-05	0.004858745946826377	-0.0005632648477051786	2.3266101870373936e-05	0.0028396377694320423	0.001431911200402942	-0.014540312442192253	-0.0024943701034518127	0.0015277866036036774	0.0033633172272706712	-0.0042190355024952515	-0.00023582327903238717	0.0012588486112694278	-0.0002576600533558651	-4.642052027738321e-05	0.0022409680444042844	0.000338585233553512	-0.00044219344575827346	0.0016306520105002049	-0.0009883436664914283	0.0014511659226815344	-6.994590617550849e-05	-0.0011285628918970584	-0.009351908048354006	0.0002582819254498481	-0.0012589511586842087	-0.0011459974491135681	-0.0005101920460367587	-0.0006276113282038065	-0.00121078974511005	-0.000559509058159278	0.00015020635880837868	-0.0005193331498618155	0.0007081996401073993	-0.0001378564189839243	0.00046583851036727426	-0.0004107550568304457	-0.0005978339641023345	0.0003193165415947641	0.0005991580661472777	-0.04706777837476252	-0.0005558032820496201
SYN_CTRL_91	SYN_CTRL_91	-0.002659844733653213	0.0005059765282416113	0.006543286765403785	-0.0004592537161755828	0.004105141065215082	-0.001861601653227731	0.00048708024000165373	0.015429193154145718	0.003071048076090306	-0.011966393497986224	-0.002584715074981443	0.0003773545169761794	0.00295052045016362	-0.0011727593010196064	-0.0026119760287414235	0.0019517813116314208	-0.0004845035040594596	0.002019793293116732	0.0018977564045672755	0.00027980365307148916	-0.00034919338309651553	0.0009859714959009455	-0.00042504436986858944	0.0003392947610687945	0.0020469977257805984	-0.00037320875940199266	-0.01425949773511467	8.030235018270493e-05	-0.004061073432923733	-0.010773029525854315	-0.0005836885843127612	-0.0001885440584685421	-0.0015478648962395226	0.0017662056049201473	0.00014037418189578752	-0.0008955563732360718	0.0021242173317863925	-0.0021642440339081684	0.0006520051877401158	-0.0002284012193382817	0.0017070301493759235	-1.8656669032785836e-05	0.00029477388514976915	-0.018490493187965844	-0.0013738264343148064
SYN_CTRL_92	SYN_CTRL_92	-0.002985126736230431	0.0018482316962532476	0.005979330068150131	-0.0003679987060147366	0.005238540127873683	-0.0006802174961545819	-7.659372949291203e-05	0.006644775537887452	-0.00039272864671707644	-0.012457022075821826	-0.0021479476984744067	0.0020895103514044933	0.002924051027627012	-0.005119366440214336	-0.0016564473622152356	0.0011039699114851137	-7.317233381813454e-05	0.0002212666151908687	0.0017625521585508275	0.0010622334310838519	0.00018607858507207914	0.0015144566136778854	0.0003025481893968352	0.0006558019509055298	-0.004824584068723608	-0.00046902084029425275	-0.005182384232279101	9.382085885322743e-05	-0.000578813682746664	-0.011559988441316718	-0.0004263244290185673	-0.0005571743398399446	-0.0012229829260105662	-0.0005096016481879011	-0.0004252385005220722	0.0030679179835677944	0.0036239266114917153	-0.0010659831045913284	0.000618737526838115	-3.3486159285373897e-05	-0.017754138572670868	0.0006054079929557255	0.000497116811375309	-0.03406381829852036	-0.0003262043814520674
SYN_CTRL_93	SYN_CTRL_93	-0.002413005916166284	-0.0006967357504483714	0.0029877133563212767	-4.878138536882051e-05	0.006028035368436253	0.00043900188698033576	0.00020977217389035117	0.0056870774260784265	0.0010019147755024912	-0.010096202879082099	-0.0032786352891391968	0.0015250741499325373	0.0013317690133885093	-0.004161719857310021	2.1958174468686333e-05	0.00587994946755585	-0.00024893743005087617	-0.0020308575418426103	0.00216166463629051	-0.00024983435764727887	-0.0001426109749382685	0.0010263769466829812	-0.0016545145306969976	-0.0004437442804333514	-0.0007910978699367378	-0.0007747815675088413	-0.012066623233281844	0.00024105197733006016	-0.007754730692604854	-0.006569641885870297	-0.0005255832559492035	-0.0005129821420497589	-0.0016948351888780241	-0.0013275862307185115	2.1647807296593918e-05	0.0011139807104645464	0.002107461833431714	-0.0010313666194693156	0.0009675463322322531	-0.0001351164053343255	-0.016093487961762278	0.0001345291078120383	0.0005328187011390934	-0.03191586568277324	-0.002432998924396171
SYN_CTRL_94	SYN_CTRL_94	-0.0023040552718724843	0.0016561379438906274	0.0024856574248978253	0.00017563768396082632	0.0049643984077991175	-0.0012845540433272151	0.00018294448683273104	0.012642444127644717	0.0010871292022899778	-0.010968362379600843	-0.002833001441816611	0.0012959936095449556	0.0019405730402188627	-0.003251828092141901	-0.0029578534176303477	0.00019710041145246197	0.0005783863858723399	0.004872158714609419	0.0017597985430220062	-0.0016825773447020776	0.0004886684692849685	0.002538521161865489	-0.002353615581987362	-0.00039687743934925296	0.0020869287427617675	-0.0006871751868248991	-0.006942081240142048	0.0002193461197606432	-0.0029819297866159195	-0.0016692740325767235	-0.0003465002620966582	-0.000420721010596038	-0.0012150959139124648	-0.005521888883448857	0.00017900790722682303	0.0009739440209122989	-0.0014098553641713975	-0.0012314121966913913	0.00047297222803920254	-0.00020845188425237197	-0.0009315700579603411	2.4863998835604405e-05	0.0003254109672250099	-0.00011058709804379584	-0.0016909448974949236
SYN_CTRL_95	SYN_CTRL_95	-0.0031902109656192397	0.00012582766323090868	0.005747925245848006	-0.00024078981353284852	0.004029906134718756	-0.0021261644316752284	0.00025759758843702906	0.006347528258135447	-0.00042724619937539856	-0.01006015919636874	-0.0029434295651702886	-0.00036441296038643986	0.002594149250918086	-0.00016491444789703364	-0.0024553746577886735	0.002674183360033799	-0.0003075954433096976	0.00043601119925327803	0.00182570502838767	-0.0011379630099008946	-9.946093900030419e-05	0.0015498225023805549	-0.0010047456864191657	0.0008451525859636728	0.006518737462459656	-0.0012720491709391462	-0.009189420316577572	0.000344798233525408	0.000988858039378864	-0.008383970626962861	-0.0005512934157878331	-0.000711639536805861	-0.001452412798116071	-0.001486039968099188	-7.774873034798374e-05	-2.7631323853070507e-05	-0.0038373055266271916	-0.000385207401829655	0.0005792453449183679	-0.0005132061160374593	0.001493108623539137	0.00025488033140626503	0.0006810713148891605	-0.033596736707547196	-4.799509067519495e-05
SYN_CTRL_96	SYN_CTRL_96	-0.0035450096223639867	0.0005438120453368664	0.0038793751906494936	0.0007653543760812296	0.00430679517475088	-0.0012536430537688215	2.6103150992034506e-05	0.01113799517287742	0.0003045484600221799	-0.013035161511913257	-0.00236131405560489	0.0007244759308655826	0.0024402769934305643	-0.00438989809278085	-0.00023009214265149925	0.002660855368783356	0.00047543723913560514	0.00010092827029110518	0.00197490639622642	-0.00026699035599966995	-0.0003059308932709372	0.0014405143791593798	-0.0017072035658683951	0.00016415495629456484	-0.0009354483551649614	-0.000596226954253505	-0.002605592014366109	0.00019576792832922573	-0.0019521648375313478	-0.004309747964354766	-0.0004650444440125525	-0.0005175924226735626	-0.0013078333752443959	-0.0005943400482762684	-0.00020115807860344689	-0.0004609683345220784	0.0015444965895846296	0.0005206293999622463	0.0006226949025388212	-0.00030535870919706646	0.0012529880493786561	0.00040350228263354924	0.0005762999662855758	-0.03269260098492244	-0.003121872307254583
SYN_CTRL_97	SYN_CTRL_97	-0.004929724517660064	0.002733613663565938	0.005582990831081493	-0.0003420891412688095	0.005987500625805838	-0.00025527577537760664	0.0003032876506253506	0.013010480357672135	0.0016908641943423324	-0.009471055226567271	-0.002993133785305053	0.0014076394720418568	0.0027916981613944963	-0.002290698878197081	-0.0014307056549010821	0.00025637563345465156	-0.0004733538766013099	-0.00112691492228318	0.0022675276234721434	-0.00047529855680271697	-0.0002792924683748857	0.0018877958683583675	-0.0002959982430112894	0.0019038358222807019	0.0022601820719299515	-0.0007102435350740062	-0.016344593702593082	0.0003092276240673464	-0.0025704940395429995	-0.009473592938211825	-0.0004612535879110737	-0.0006066401780359849	-0.0007112346612835994	-0.0037819810193158152	0.0001636836702234016	0.002280029712327568	0.008625142617017068	-0.001399145016630642	0.00045271261539355846	-7.889580925644103e-05	-0.016897222623500924	0.00017341840795620321	0.0006291645388550723	-0.03325373487795864	-0.0009965887698456443
SYN_CTRL_98	SYN_CTRL_98	-0.003183999735166995	-0.00010118673985850023	0.0025867488488755135	0.0001685566570331475	0.0057382064597484945	-0.0028296586586107975	0.00046016038178963814	0.0007219153750010418	-1.5519820795779016e-05	-0.01530512697940898	-0.00336258542762928	0.0009643878569654859	0.0029718169907587784	0.0003291423782060137	-0.0009167316785346217	0.0031324637895030795	-0.00013087136473602967	0.0007564588846020587	0.001608728593743069	-0.00012880828968382308	-0.0003916480350918862	0.0019607900421576762	0.00019129403945703817	0.0027012956140453114	0.0014578099095901612	0.00023879972216252633	-0.00519590095279422	6.133426221258549e-06	0.00020173563518663043	-0.0036643087990226478	-0.0006397078216584455	-0.0006327878650248483	-0.0009415284716001884	-0.003001787414889761	8.049448087644551e-05	-0.0010598595611204793	-0.004951406846419594	-0.0013529642108123772	0.0008177779624344632	-2.3437326327864876e-05	0.0009332127854191624	-6.047122703937699e-05	0.00042527932607763004	-0.035357368841807554	-0.00047332745687654056
SYN_CTRL_99	SYN_CTRL_99	-0.002273058649030388	0.0002735527447775223	0.006178499713611372	-0.0008295478053467267	0.00485573806135233	-0.0023124408388087146	0.0001448754729531295	0.007482217710765193	-0.00028028780785615366	-0.009105815160563505	-0.0023729216460812905	0.001980144994116997	0.001882339850546889	-0.00107950922165608	-0.00015854375805100866	0.004726816402550446	-0.0007222347866890412	0.0015335753123297267	0.0018345921925663148	-0.002472550755400404	2.124835617173033e-05	0.0022544473993742925	-0.00018601878239586235	-0.00020606996852700016	0.0013301650076146347	-0.00111576689786288	-0.01273370460375182	0.00013080731800745453	-0.0036973860580431285	0.0006370952959744321	-0.0008540773586991283	-0.0006643082474721412	-0.0009324768913475576	-0.001529568754667598	4.753419469931347e-05	0.0002226043567978065	0.005079396181443194	0.001249517137741171	0.0004370727277742464	-0.0002842903229200783	0.0010173830280229147	-0.0001184535803376565	0.0004742111825236913	-0.04937372215943513	-0.0007424798021624022
SYN_CTRL_100	SYN_CTRL_100	-0.003763757988103319	-1.4803603419892287e-05	0.005011033645966973	0.002129631476822983	0.005730858082176226	-6.511457310485703e-05	-0.00012895291163346066	0.00921047066309973	-0.00031961860257054606	-0.010992727580346496	-0.003190535108154709	0.0009436822290155322	0.001045236933861832	-0.0011230310475029222	-0.00177648813216598	0.0015050354489199213	-0.00044778362641719214	-0.0021480663169616103	0.0020388387304119977	-0.00012665394706519434	1.4266469348580587e-05	0.0009231867648155704	0.001238220379278569	0.002433095399787613	-0.00031906976345138875	-0.0007573048657454555	-0.012081242360181793	9.064091805097435e-05	0.004295560223422234	-0.009978272947520109	-0.0003960557592082264	-0.0003912738184401922	-0.0016303673422548098	-0.006547116099449592	-5.993144174808522e-05	0.0004349280617010589	0.006868801958667822	2.667770669719191e-05	0.0007310192970955034	-0.000456315737449456	0.0021077813441506	-0.00013620886133913087	0.0005591890586940131	-0.02109576492843311	-0.004025081117741182
